nom_departement,Annee,NB_VP_RECHARGEABLES_EL,NB_VP_RECHARGEABLES_GAZ,NB_VP,nb_borne,nb_el/borne,borne/nb_el,nom_region
Ain,2020,4084,38,653058,133,30.71,0.03,Auvergne-Rhône-Alpes
Ain,2021,7348,41,670356,17,432.24,0.0,Auvergne-Rhône-Alpes
Ain,2022,11062,43,680873,169,65.46,0.02,Auvergne-Rhône-Alpes
Ain,2023,16016,46,690672,144,111.22,0.01,Auvergne-Rhône-Alpes
Ain,2024,20576,48,697701,419,49.11,0.02,Auvergne-Rhône-Alpes
Aisne,2020,2813,29,543832,10,281.3,0.0,Hauts-de-France
Aisne,2021,4884,26,546042,17,287.29,0.0,Hauts-de-France
Aisne,2022,7010,18,558799,209,33.54,0.03,Hauts-de-France
Aisne,2023,10281,15,566368,173,59.43,0.02,Hauts-de-France
Aisne,2024,15987,81,587339,483,33.1,0.03,Hauts-de-France
Allier,2020,1225,9,309367,23,53.26,0.02,Auvergne-Rhône-Alpes
Allier,2021,2246,8,328458,87,25.82,0.04,Auvergne-Rhône-Alpes
Allier,2022,3168,8,318095,97,32.66,0.03,Auvergne-Rhône-Alpes
Allier,2023,4456,9,320770,109,40.88,0.02,Auvergne-Rhône-Alpes
Allier,2024,6003,11,344076,212,28.32,0.04,Auvergne-Rhône-Alpes
Alpes-Maritimes,2020,9328,90,1114606,140,66.63,0.02,Provence-Alpes-Côte d'Azur
Alpes-Maritimes,2021,16400,89,1127159,281,58.36,0.02,Provence-Alpes-Côte d'Azur
Alpes-Maritimes,2022,24344,90,1145935,480,50.72,0.02,Provence-Alpes-Côte d'Azur
Alpes-Maritimes,2023,35811,86,1162859,692,51.75,0.02,Provence-Alpes-Côte d'Azur
Alpes-Maritimes,2024,45141,89,1177756,1005,44.92,0.02,Provence-Alpes-Côte d'Azur
Alpes-de-Haute-Provence,2020,1002,6,186164,134,7.48,0.13,Provence-Alpes-Côte d'Azur
Alpes-de-Haute-Provence,2021,1605,7,184465,16,100.31,0.01,Provence-Alpes-Côte d'Azur
Alpes-de-Haute-Provence,2022,2243,8,184245,56,40.05,0.02,Provence-Alpes-Côte d'Azur
Alpes-de-Haute-Provence,2023,3251,6,192842,118,27.55,0.04,Provence-Alpes-Côte d'Azur
Alpes-de-Haute-Provence,2024,4007,6,188932,88,45.53,0.02,Provence-Alpes-Côte d'Azur
Ardennes,2020,1093,20,284810,22,49.68,0.02,Grand Est
Ardennes,2021,1912,17,287591,50,38.24,0.03,Grand Est
Ardennes,2022,2888,16,291037,130,22.22,0.05,Grand Est
Ardennes,2023,4218,13,295812,10,421.8,0.0,Grand Est
Ardennes,2024,5356,15,299746,115,46.57,0.02,Grand Est
Ardèche,2020,1641,7,337017,229,7.17,0.14,Auvergne-Rhône-Alpes
Ardèche,2021,2732,6,345061,34,80.35,0.01,Auvergne-Rhône-Alpes
Ardèche,2022,4109,8,352140,25,164.36,0.01,Auvergne-Rhône-Alpes
Ardèche,2023,5801,10,361678,35,165.74,0.01,Auvergne-Rhône-Alpes
Ardèche,2024,7408,11,364155,147,50.39,0.02,Auvergne-Rhône-Alpes
Ariège,2020,656,26,156327,2,328.0,0.0,Occitanie
Ariège,2021,1088,25,155969,8,136.0,0.01,Occitanie
Ariège,2022,1537,24,158028,98,15.68,0.06,Occitanie
Ariège,2023,2148,26,163798,35,61.37,0.02,Occitanie
Ariège,2024,2647,27,164327,87,30.43,0.03,Occitanie
Aube,2020,1237,6,286263,7,176.71,0.01,Grand Est
Aube,2021,2236,4,291887,29,77.1,0.01,Grand Est
Aube,2022,3333,6,291813,53,62.89,0.02,Grand Est
Aube,2023,5003,5,296438,71,70.46,0.01,Grand Est
Aube,2024,6397,5,299362,616,10.38,0.1,Grand Est
Aude,2021,3098,3,396222,69,44.9,0.02,Occitanie
Aude,2022,4607,4,403587,283,16.28,0.06,Occitanie
Aude,2023,6627,4,414082,253,26.19,0.04,Occitanie
Aude,2024,8269,5,415505,350,23.63,0.04,Occitanie
Aveyron,2020,1205,15,284071,14,86.07,0.01,Occitanie
Aveyron,2021,1964,13,291764,42,46.76,0.02,Occitanie
Aveyron,2022,2826,15,290206,200,14.13,0.07,Occitanie
Aveyron,2023,3950,15,293308,101,39.11,0.03,Occitanie
Aveyron,2024,5150,13,302006,117,44.02,0.02,Occitanie
Bas-Rhin,2020,8383,216,1101989,70,119.76,0.01,Grand Est
Bas-Rhin,2021,14629,223,1122511,192,76.19,0.01,Grand Est
Bas-Rhin,2022,20880,225,1127823,276,75.65,0.01,Grand Est
Bas-Rhin,2023,29564,224,1147770,302,97.89,0.01,Grand Est
Bas-Rhin,2024,37558,224,1156965,1141,32.92,0.03,Grand Est
Bouches-du-Rhône,2020,15700,220,2113861,48,327.08,0.0,Provence-Alpes-Côte d'Azur
Bouches-du-Rhône,2021,29395,208,2149217,766,38.37,0.03,Provence-Alpes-Côte d'Azur
Bouches-du-Rhône,2022,41666,211,2128319,285,146.2,0.01,Provence-Alpes-Côte d'Azur
Bouches-du-Rhône,2023,57188,227,2165910,1178,48.55,0.02,Provence-Alpes-Côte d'Azur
Bouches-du-Rhône,2024,72920,241,2203907,1499,48.65,0.02,Provence-Alpes-Côte d'Azur
Calvados,2020,3735,20,632623,13,287.31,0.0,Normandie
Calvados,2021,6705,21,655910,61,109.92,0.01,Normandie
Calvados,2022,10238,21,664592,126,81.25,0.01,Normandie
Calvados,2023,14929,21,673318,366,40.79,0.02,Normandie
Calvados,2024,19683,25,693083,1086,18.12,0.06,Normandie
Cantal,2021,853,0,139633,24,35.54,0.03,Auvergne-Rhône-Alpes
Cantal,2022,1290,0,145524,13,99.23,0.01,Auvergne-Rhône-Alpes
Cantal,2023,1807,1,134858,28,64.54,0.02,Auvergne-Rhône-Alpes
Cantal,2024,2485,1,145221,163,15.25,0.07,Auvergne-Rhône-Alpes
Charente,2020,1743,3,338455,40,43.58,0.02,Nouvelle-Aquitaine
Charente,2021,2924,6,333380,58,50.41,0.02,Nouvelle-Aquitaine
Charente,2022,4324,5,339555,40,108.1,0.01,Nouvelle-Aquitaine
Charente,2023,5879,3,340524,95,61.88,0.02,Nouvelle-Aquitaine
Charente,2024,7462,2,355886,412,18.11,0.06,Nouvelle-Aquitaine
Charente-Maritime,2020,4244,0,648710,10,424.4,0.0,Nouvelle-Aquitaine
Charente-Maritime,2021,6021,6,588018,66,91.23,0.01,Nouvelle-Aquitaine
Charente-Maritime,2022,10430,10,668375,165,63.21,0.02,Nouvelle-Aquitaine
Charente-Maritime,2023,14399,10,673914,147,97.95,0.01,Nouvelle-Aquitaine
Charente-Maritime,2024,14754,10,577784,874,16.88,0.06,Nouvelle-Aquitaine
Cher,2020,1228,38,304224,23,53.39,0.02,Centre-Val de Loire
Cher,2021,2055,35,306461,78,26.35,0.04,Centre-Val de Loire
Cher,2022,2953,29,309249,38,77.71,0.01,Centre-Val de Loire
Cher,2023,4195,29,317444,134,31.31,0.03,Centre-Val de Loire
Cher,2024,5401,24,322361,239,22.6,0.04,Centre-Val de Loire
Corrèze,2020,1048,8,248802,2,524.0,0.0,Nouvelle-Aquitaine
Corrèze,2021,1928,11,254036,9,214.22,0.0,Nouvelle-Aquitaine
Corrèze,2022,2845,11,257464,49,58.06,0.02,Nouvelle-Aquitaine
Corrèze,2023,3915,12,255892,169,23.17,0.04,Nouvelle-Aquitaine
Corrèze,2024,5008,11,260873,369,13.57,0.07,Nouvelle-Aquitaine
Corse-du-Sud,2020,964,1,192498,10,96.4,0.01,Corse
Corse-du-Sud,2021,1895,1,197971,50,37.9,0.03,Corse
Corse-du-Sud,2022,2939,1,202937,57,51.56,0.02,Corse
Corse-du-Sud,2023,4471,1,207097,42,106.45,0.01,Corse
Corse-du-Sud,2024,5444,1,208163,29,187.72,0.01,Corse
Creuse,2022,855,0,126168,18,47.5,0.02,Nouvelle-Aquitaine
Creuse,2023,1190,0,128612,10,119.0,0.01,Nouvelle-Aquitaine
Creuse,2024,1522,2,130410,139,10.95,0.09,Nouvelle-Aquitaine
Côte-d'Or,2020,2781,13,502990,113,24.61,0.04,Bourgogne-Franche-Comté
Côte-d'Or,2021,4910,13,509657,125,39.28,0.03,Bourgogne-Franche-Comté
Côte-d'Or,2022,7292,14,519622,333,21.9,0.05,Bourgogne-Franche-Comté
Côte-d'Or,2023,10057,16,514140,363,27.71,0.04,Bourgogne-Franche-Comté
Côte-d'Or,2024,12906,17,521992,433,29.81,0.03,Bourgogne-Franche-Comté
Côtes-d'Armor,2020,2869,15,638895,2,1434.5,0.0,Bretagne
Côtes-d'Armor,2021,4888,16,648356,27,181.04,0.01,Bretagne
Côtes-d'Armor,2022,7285,18,658051,43,169.42,0.01,Bretagne
Côtes-d'Armor,2023,10381,22,668264,563,18.44,0.05,Bretagne
Côtes-d'Armor,2024,13266,32,677233,420,31.59,0.03,Bretagne
Deux-Sèvres,2020,1877,19,368176,14,134.07,0.01,Nouvelle-Aquitaine
Deux-Sèvres,2021,3020,15,365830,32,94.38,0.01,Nouvelle-Aquitaine
Deux-Sèvres,2022,4365,16,366920,97,45.0,0.02,Nouvelle-Aquitaine
Deux-Sèvres,2023,6183,16,373727,205,30.16,0.03,Nouvelle-Aquitaine
Deux-Sèvres,2024,7993,19,384639,237,33.73,0.03,Nouvelle-Aquitaine
Dordogne,2020,1908,9,435477,11,173.45,0.01,Nouvelle-Aquitaine
Dordogne,2021,3528,11,449273,52,67.85,0.01,Nouvelle-Aquitaine
Dordogne,2022,5291,11,459873,60,88.18,0.01,Nouvelle-Aquitaine
Dordogne,2023,7414,11,466288,90,82.38,0.01,Nouvelle-Aquitaine
Dordogne,2024,8988,10,461063,562,15.99,0.06,Nouvelle-Aquitaine
Doubs,2020,3431,21,566751,16,214.44,0.0,Bourgogne-Franche-Comté
Doubs,2021,5579,21,575216,27,206.63,0.0,Bourgogne-Franche-Comté
Doubs,2022,8015,23,583522,97,82.63,0.01,Bourgogne-Franche-Comté
Doubs,2023,11542,28,596062,157,73.52,0.01,Bourgogne-Franche-Comté
Doubs,2024,14555,31,601912,573,25.4,0.04,Bourgogne-Franche-Comté
Drôme,2020,3498,29,542676,277,12.63,0.08,Auvergne-Rhône-Alpes
Drôme,2021,5093,37,490045,43,118.44,0.01,Auvergne-Rhône-Alpes
Drôme,2022,7616,39,500707,193,39.46,0.03,Auvergne-Rhône-Alpes
Drôme,2023,10908,42,507049,175,62.33,0.02,Auvergne-Rhône-Alpes
Drôme,2024,16068,54,580516,665,24.16,0.04,Auvergne-Rhône-Alpes
Essonne,2020,7475,36,1063687,71,105.28,0.01,Île-de-France
Essonne,2021,13429,39,1122387,134,100.22,0.01,Île-de-France
Essonne,2022,18298,44,1096294,200,91.49,0.01,Île-de-France
Essonne,2023,25675,45,1102505,534,48.08,0.02,Île-de-France
Essonne,2024,33285,50,1149926,1207,27.58,0.04,Île-de-France
Eure,2021,5350,15,611740,11,486.36,0.0,Normandie
Eure,2022,8486,18,639831,102,83.2,0.01,Normandie
Eure,2023,11960,15,651033,215,55.63,0.02,Normandie
Eure,2024,15498,16,672625,375,41.33,0.02,Normandie
Eure-et-Loir,2020,2319,2,439083,6,386.5,0.0,Centre-Val de Loire
Eure-et-Loir,2021,3895,2,444500,38,102.5,0.01,Centre-Val de Loire
Eure-et-Loir,2022,5416,3,436119,94,57.62,0.02,Centre-Val de Loire
Eure-et-Loir,2023,7890,3,457314,194,40.67,0.02,Centre-Val de Loire
Eure-et-Loir,2024,10016,4,464314,262,38.23,0.03,Centre-Val de Loire
Finistère,2020,4677,10,949220,3,1559.0,0.0,Bretagne
Finistère,2021,8005,16,956964,52,153.94,0.01,Bretagne
Finistère,2022,11972,18,964707,118,101.46,0.01,Bretagne
Finistère,2023,17417,21,982891,643,27.09,0.04,Bretagne
Finistère,2024,22662,24,997882,609,37.21,0.03,Bretagne
Gard,2020,4273,9,770805,33,129.48,0.01,Occitanie
Gard,2021,7794,10,767937,138,56.48,0.02,Occitanie
Gard,2022,11649,11,781568,462,25.21,0.04,Occitanie
Gard,2023,16944,14,786797,215,78.81,0.01,Occitanie
Gard,2024,21216,15,790199,534,39.73,0.03,Occitanie
Gers,2021,1858,9,208196,15,123.87,0.01,Occitanie
Gers,2022,2463,7,198925,46,53.54,0.02,Occitanie
Gers,2023,3495,8,201728,32,109.22,0.01,Occitanie
Gers,2024,4826,7,217273,207,23.31,0.04,Occitanie
Gironde,2020,9735,66,1493730,172,56.6,0.02,Nouvelle-Aquitaine
Gironde,2021,18261,68,1569995,280,65.22,0.02,Nouvelle-Aquitaine
Gironde,2022,25358,59,1528013,478,53.05,0.02,Nouvelle-Aquitaine
Gironde,2023,35634,57,1545644,470,75.82,0.01,Nouvelle-Aquitaine
Gironde,2024,48231,66,1640294,1983,24.32,0.04,Nouvelle-Aquitaine
Haut-Rhin,2020,5618,80,801749,21,267.52,0.0,Grand Est
Haut-Rhin,2021,9790,84,809543,72,135.97,0.01,Grand Est
Haut-Rhin,2022,14133,86,800786,181,78.08,0.01,Grand Est
Haut-Rhin,2023,20330,90,829421,271,75.02,0.01,Grand Est
Haut-Rhin,2024,24966,92,829368,609,41.0,0.02,Grand Est
Haute-Corse,2020,1480,1,212699,7,211.43,0.0,Corse
Haute-Corse,2021,3559,1,218915,36,98.86,0.01,Corse
Haute-Corse,2022,6002,1,222118,42,142.9,0.01,Corse
Haute-Corse,2023,11089,2,232214,34,326.15,0.0,Corse
Haute-Corse,2024,11960,2,235437,30,398.67,0.0,Corse
Haute-Garonne,2020,10409,99,1298263,146,71.29,0.01,Occitanie
Haute-Garonne,2021,17369,101,1319269,302,57.51,0.02,Occitanie
Haute-Garonne,2022,25537,103,1347924,823,31.03,0.03,Occitanie
Haute-Garonne,2023,36326,108,1347734,968,37.53,0.03,Occitanie
Haute-Garonne,2024,46733,110,1387953,1333,35.06,0.03,Occitanie
Haute-Loire,2020,914,12,248447,62,14.74,0.07,Auvergne-Rhône-Alpes
Haute-Loire,2021,1644,11,252912,23,71.48,0.01,Auvergne-Rhône-Alpes
Haute-Loire,2022,2421,10,256289,37,65.43,0.02,Auvergne-Rhône-Alpes
Haute-Loire,2023,3415,14,260289,16,213.44,0.0,Auvergne-Rhône-Alpes
Haute-Loire,2024,4546,12,264010,78,58.28,0.02,Auvergne-Rhône-Alpes
Haute-Marne,2021,814,3,164693,9,90.44,0.01,Grand Est
Haute-Marne,2022,1223,4,165597,90,13.59,0.07,Grand Est
Haute-Marne,2023,2069,5,188420,89,23.25,0.04,Grand Est
Haute-Marne,2024,2158,6,167574,73,29.56,0.03,Grand Est
Haute-Savoie,2020,7201,68,852276,354,20.34,0.05,Auvergne-Rhône-Alpes
Haute-Savoie,2021,12032,80,890171,38,316.63,0.0,Auvergne-Rhône-Alpes
Haute-Savoie,2022,17552,84,903053,309,56.8,0.02,Auvergne-Rhône-Alpes
Haute-Savoie,2023,25182,90,949211,205,122.84,0.01,Auvergne-Rhône-Alpes
Haute-Savoie,2024,31138,93,945738,691,45.06,0.02,Auvergne-Rhône-Alpes
Haute-Saône,2020,795,4,248191,4,198.75,0.01,Bourgogne-Franche-Comté
Haute-Saône,2022,1999,4,247338,6,333.17,0.0,Bourgogne-Franche-Comté
Haute-Saône,2023,2949,3,247638,36,81.92,0.01,Bourgogne-Franche-Comté
Haute-Saône,2024,4015,2,269340,188,21.36,0.05,Bourgogne-Franche-Comté
Haute-Vienne,2020,1671,14,378483,1,1671.0,0.0,Nouvelle-Aquitaine
Haute-Vienne,2021,3062,14,386255,57,53.72,0.02,Nouvelle-Aquitaine
Haute-Vienne,2022,4545,10,384632,58,78.36,0.01,Nouvelle-Aquitaine
Haute-Vienne,2023,6556,12,389835,132,49.67,0.02,Nouvelle-Aquitaine
Haute-Vienne,2024,8460,12,395781,364,23.24,0.04,Nouvelle-Aquitaine
Hautes-Alpes,2020,769,2,146699,174,4.42,0.23,Provence-Alpes-Côte d'Azur
Hautes-Alpes,2021,1307,5,150562,15,87.13,0.01,Provence-Alpes-Côte d'Azur
Hautes-Alpes,2022,1843,5,152015,22,83.77,0.01,Provence-Alpes-Côte d'Azur
Hautes-Alpes,2023,2533,6,158242,66,38.38,0.03,Provence-Alpes-Côte d'Azur
Hautes-Alpes,2024,3188,6,159002,184,17.33,0.06,Provence-Alpes-Côte d'Azur
Hautes-Pyrénées,2020,1042,17,232963,1,1042.0,0.0,Occitanie
Hautes-Pyrénées,2021,1786,18,244293,20,89.3,0.01,Occitanie
Hautes-Pyrénées,2022,2509,19,241701,225,11.15,0.09,Occitanie
Hautes-Pyrénées,2023,3561,19,249526,78,45.65,0.02,Occitanie
Hautes-Pyrénées,2024,4297,19,239032,160,26.86,0.04,Occitanie
Hauts-de-Seine,2020,23435,134,1444363,351,66.77,0.01,Île-de-France
Hauts-de-Seine,2021,35886,134,1469612,636,56.42,0.02,Île-de-France
Hauts-de-Seine,2022,49308,143,1484625,375,131.49,0.01,Île-de-France
Hauts-de-Seine,2023,73494,174,1532630,484,151.85,0.01,Île-de-France
Hauts-de-Seine,2024,102336,704,1624935,1000,102.34,0.01,Île-de-France
Hérault,2020,6751,54,1154199,22,306.86,0.0,Occitanie
Hérault,2021,12492,55,1177526,97,128.78,0.01,Occitanie
Hérault,2022,18968,56,1178412,414,45.82,0.02,Occitanie
Hérault,2023,28358,58,1211267,453,62.6,0.02,Occitanie
Hérault,2024,36305,62,1228065,1058,34.31,0.03,Occitanie
Ille-et-Vilaine,2020,5744,24,983078,68,84.47,0.01,Bretagne
Ille-et-Vilaine,2021,9781,37,999477,67,145.99,0.01,Bretagne
Ille-et-Vilaine,2022,14801,39,1001747,196,75.52,0.01,Bretagne
Ille-et-Vilaine,2023,20607,47,1012251,367,56.15,0.02,Bretagne
Ille-et-Vilaine,2024,27517,54,1046218,593,46.4,0.02,Bretagne
Indre,2020,672,2,216932,5,134.4,0.01,Centre-Val de Loire
Indre,2021,1089,2,219279,4,272.25,0.0,Centre-Val de Loire
Indre,2022,1642,1,224913,33,49.76,0.02,Centre-Val de Loire
Indre,2023,2208,1,227561,18,122.67,0.01,Centre-Val de Loire
Indre,2024,2805,3,222134,194,14.46,0.07,Centre-Val de Loire
Indre-et-Loire,2020,3872,13,560889,15,258.13,0.0,Centre-Val de Loire
Indre-et-Loire,2021,6446,10,569258,64,100.72,0.01,Centre-Val de Loire
Indre-et-Loire,2022,9029,13,563505,109,82.83,0.01,Centre-Val de Loire
Indre-et-Loire,2023,13178,13,581573,309,42.65,0.02,Centre-Val de Loire
Indre-et-Loire,2024,16726,15,588175,294,56.89,0.02,Centre-Val de Loire
Isère,2020,8111,126,1234395,314,25.83,0.04,Auvergne-Rhône-Alpes
Isère,2021,14019,155,1263577,166,84.45,0.01,Auvergne-Rhône-Alpes
Isère,2022,19873,162,1255946,338,58.8,0.02,Auvergne-Rhône-Alpes
Isère,2023,29220,179,1297580,432,67.64,0.01,Auvergne-Rhône-Alpes
Isère,2024,37301,169,1308412,868,42.97,0.02,Auvergne-Rhône-Alpes
Jura,2020,1197,5,259798,10,119.7,0.01,Bourgogne-Franche-Comté
Jura,2021,2134,6,275694,18,118.56,0.01,Bourgogne-Franche-Comté
Jura,2022,3127,9,275764,29,107.83,0.01,Bourgogne-Franche-Comté
Jura,2023,4326,9,279534,76,56.92,0.02,Bourgogne-Franche-Comté
Jura,2024,5424,7,277412,152,35.68,0.03,Bourgogne-Franche-Comté
Landes,2020,1946,24,441349,167,11.65,0.09,Nouvelle-Aquitaine
Landes,2021,3783,28,461006,41,92.27,0.01,Nouvelle-Aquitaine
Landes,2022,5821,30,465992,109,53.4,0.02,Nouvelle-Aquitaine
Landes,2023,8023,24,461106,172,46.65,0.02,Nouvelle-Aquitaine
Landes,2024,10712,33,473772,651,16.45,0.06,Nouvelle-Aquitaine
Loir-et-Cher,2020,1721,8,337717,30,57.37,0.02,Centre-Val de Loire
Loir-et-Cher,2021,2715,9,345812,40,67.88,0.01,Centre-Val de Loire
Loir-et-Cher,2022,3888,8,344257,284,13.69,0.07,Centre-Val de Loire
Loir-et-Cher,2023,5481,7,346865,164,33.42,0.03,Centre-Val de Loire
Loir-et-Cher,2024,7142,9,358535,445,16.05,0.06,Centre-Val de Loire
Loire,2020,3324,44,726220,257,12.93,0.08,Auvergne-Rhône-Alpes
Loire,2021,6270,48,746773,107,58.6,0.02,Auvergne-Rhône-Alpes
Loire,2022,9449,51,759042,191,49.47,0.02,Auvergne-Rhône-Alpes
Loire,2023,13692,50,761598,181,75.65,0.01,Auvergne-Rhône-Alpes
Loire,2024,17817,41,779223,524,34.0,0.03,Auvergne-Rhône-Alpes
Loire-Atlantique,2020,7829,327,1275465,9,869.89,0.0,Pays de la Loire
Loire-Atlantique,2021,13790,343,1358844,475,29.03,0.03,Pays de la Loire
Loire-Atlantique,2022,19308,336,1300406,201,96.06,0.01,Pays de la Loire
Loire-Atlantique,2023,27967,362,1323179,658,42.5,0.02,Pays de la Loire
Loire-Atlantique,2024,35983,362,1326840,1319,27.28,0.04,Pays de la Loire
Loiret,2020,3618,24,668162,31,116.71,0.01,Centre-Val de Loire
Loiret,2021,6240,27,697849,73,85.48,0.01,Centre-Val de Loire
Loiret,2022,8802,29,691956,255,34.52,0.03,Centre-Val de Loire
Loiret,2023,12870,28,698114,218,59.04,0.02,Centre-Val de Loire
Loiret,2024,15337,26,679165,433,35.42,0.03,Centre-Val de Loire
Lot,2021,1530,7,193799,133,11.5,0.09,Occitanie
Lot,2022,2210,7,198302,33,66.97,0.01,Occitanie
Lot,2023,2914,7,198404,30,97.13,0.01,Occitanie
Lot,2024,3577,7,199581,111,32.23,0.03,Occitanie
Lot-et-Garonne,2020,1834,14,352847,47,39.02,0.03,Nouvelle-Aquitaine
Lot-et-Garonne,2021,3187,17,355104,21,151.76,0.01,Nouvelle-Aquitaine
Lot-et-Garonne,2022,4614,15,361298,73,63.21,0.02,Nouvelle-Aquitaine
Lot-et-Garonne,2023,6326,19,362872,80,79.08,0.01,Nouvelle-Aquitaine
Lot-et-Garonne,2024,7599,22,358070,464,16.38,0.06,Nouvelle-Aquitaine
Lozère,2020,252,0,82277,14,18.0,0.06,Occitanie
Lozère,2021,401,0,81802,6,66.83,0.01,Occitanie
Lozère,2022,582,0,84800,71,8.2,0.12,Occitanie
Lozère,2023,781,1,86147,6,130.17,0.01,Occitanie
Lozère,2024,996,1,86279,28,35.57,0.03,Occitanie
Maine-et-Loire,2020,4245,49,733356,1,4245.0,0.0,Pays de la Loire
Maine-et-Loire,2021,7168,59,755428,416,17.23,0.06,Pays de la Loire
Maine-et-Loire,2022,10527,73,765104,200,52.64,0.02,Pays de la Loire
Maine-et-Loire,2023,14631,81,762632,248,59.0,0.02,Pays de la Loire
Maine-et-Loire,2024,19634,89,781720,782,25.11,0.04,Pays de la Loire
Manche,2020,2865,23,486462,16,179.06,0.01,Normandie
Manche,2021,4757,22,492148,130,36.59,0.03,Normandie
Manche,2022,6995,26,496924,73,95.82,0.01,Normandie
Manche,2023,10319,28,509006,134,77.01,0.01,Normandie
Manche,2024,13024,27,514065,362,35.98,0.03,Normandie
Marne,2020,2947,8,551392,93,31.69,0.03,Grand Est
Marne,2021,5555,10,560936,59,94.15,0.01,Grand Est
Marne,2022,8368,11,566718,115,72.77,0.01,Grand Est
Marne,2023,12128,19,572827,245,49.5,0.02,Grand Est
Marne,2024,14948,29,577248,716,20.88,0.05,Grand Est
Mayenne,2020,1472,6,292081,20,73.6,0.01,Pays de la Loire
Mayenne,2021,2356,4,291587,25,94.24,0.01,Pays de la Loire
Mayenne,2022,2833,8,260858,53,53.45,0.02,Pays de la Loire
Mayenne,2023,5159,14,310065,59,87.44,0.01,Pays de la Loire
Mayenne,2024,5058,10,257625,330,15.33,0.07,Pays de la Loire
Meurthe-et-Moselle,2020,3422,27,698450,57,60.04,0.02,Grand Est
Meurthe-et-Moselle,2021,6168,32,699973,49,125.88,0.01,Grand Est
Meurthe-et-Moselle,2022,9231,37,702646,175,52.75,0.02,Grand Est
Meurthe-et-Moselle,2023,13672,39,719280,375,36.46,0.03,Grand Est
Meurthe-et-Moselle,2024,17792,52,721933,723,24.61,0.04,Grand Est
Meuse,2020,700,7,200211,2,350.0,0.0,Grand Est
Meuse,2021,1030,5,186714,15,68.67,0.01,Grand Est
Meuse,2022,1772,6,206031,64,27.69,0.04,Grand Est
Meuse,2023,2281,7,194070,35,65.17,0.02,Grand Est
Meuse,2024,2966,6,195076,84,35.31,0.03,Grand Est
Morbihan,2020,3841,48,771656,13,295.46,0.0,Bretagne
Morbihan,2021,6638,62,791584,37,179.41,0.01,Bretagne
Morbihan,2022,9702,72,793489,154,63.0,0.02,Bretagne
Morbihan,2023,13781,79,810327,189,72.92,0.01,Bretagne
Morbihan,2024,17984,85,820586,935,19.23,0.05,Bretagne
Moselle,2020,4872,61,1112180,73,66.74,0.01,Grand Est
Moselle,2021,9256,64,1130048,36,257.11,0.0,Grand Est
Moselle,2022,13971,66,1134582,307,45.51,0.02,Grand Est
Moselle,2023,20849,66,1154517,744,28.02,0.04,Grand Est
Moselle,2024,27312,63,1176733,1396,19.56,0.05,Grand Est
Nièvre,2022,1745,40,223087,30,58.17,0.02,Bourgogne-Franche-Comté
Nièvre,2023,2399,36,228327,73,32.86,0.03,Bourgogne-Franche-Comté
Nièvre,2024,3011,35,230094,271,11.11,0.09,Bourgogne-Franche-Comté
Nord,2020,13314,218,2481726,379,35.13,0.03,Hauts-de-France
Nord,2021,23787,227,2515683,514,46.28,0.02,Hauts-de-France
Nord,2022,35642,223,2555317,951,37.48,0.03,Hauts-de-France
Nord,2023,52283,224,2583964,1206,43.35,0.02,Hauts-de-France
Nord,2024,70272,230,2634578,1786,39.35,0.03,Hauts-de-France
Oise,2020,6220,40,1112294,18,345.56,0.0,Hauts-de-France
Oise,2021,13558,41,1137194,74,183.22,0.01,Hauts-de-France
Oise,2022,18645,39,1153743,126,147.98,0.01,Hauts-de-France
Oise,2023,24936,44,1144590,207,120.46,0.01,Hauts-de-France
Oise,2024,24076,46,1104696,975,24.69,0.04,Hauts-de-France
Orne,2020,1095,6,291849,3,365.0,0.0,Normandie
Orne,2021,1748,10,283199,36,48.56,0.02,Normandie
Orne,2022,2581,9,286807,39,66.18,0.02,Normandie
Orne,2023,3788,9,304382,79,47.95,0.02,Normandie
Orne,2024,4558,10,291617,162,28.14,0.04,Normandie
Paris,2020,21284,165,1134114,256,83.14,0.01,Île-de-France
Paris,2021,34605,163,1141260,2401,14.41,0.07,Île-de-France
Paris,2022,47874,172,1148236,1697,28.21,0.04,Île-de-France
Paris,2023,68039,267,1175290,1830,37.18,0.03,Île-de-France
Paris,2024,87957,259,1232080,435,202.2,0.0,Île-de-France
Pas-de-Calais,2020,5596,40,1355307,119,47.03,0.02,Hauts-de-France
Pas-de-Calais,2021,10325,37,1387882,277,37.27,0.03,Hauts-de-France
Pas-de-Calais,2022,16260,42,1391776,419,38.81,0.03,Hauts-de-France
Pas-de-Calais,2023,24734,52,1420045,516,47.93,0.02,Hauts-de-France
Pas-de-Calais,2024,32778,52,1445862,1013,32.36,0.03,Hauts-de-France
Puy-de-Dôme,2020,3350,34,654720,27,124.07,0.01,Auvergne-Rhône-Alpes
Puy-de-Dôme,2021,5939,35,662495,25,237.56,0.0,Auvergne-Rhône-Alpes
Puy-de-Dôme,2022,8768,39,674847,281,31.2,0.03,Auvergne-Rhône-Alpes
Puy-de-Dôme,2023,12646,42,677283,304,41.6,0.02,Auvergne-Rhône-Alpes
Puy-de-Dôme,2024,16178,44,689245,590,27.42,0.04,Auvergne-Rhône-Alpes
Pyrénées-Atlantiques,2020,3728,24,689678,114,32.7,0.03,Nouvelle-Aquitaine
Pyrénées-Atlantiques,2021,6734,22,698364,24,280.58,0.0,Nouvelle-Aquitaine
Pyrénées-Atlantiques,2022,9775,47,699595,118,82.84,0.01,Nouvelle-Aquitaine
Pyrénées-Atlantiques,2023,13741,52,710007,234,58.72,0.02,Nouvelle-Aquitaine
Pyrénées-Atlantiques,2024,17210,52,717529,718,23.97,0.04,Nouvelle-Aquitaine
Pyrénées-Orientales,2020,2284,6,506610,28,81.57,0.01,Occitanie
Pyrénées-Orientales,2021,4459,9,499152,79,56.44,0.02,Occitanie
Pyrénées-Orientales,2022,6697,10,513097,183,36.6,0.03,Occitanie
Pyrénées-Orientales,2023,9905,10,530578,153,64.74,0.02,Occitanie
Pyrénées-Orientales,2024,13007,13,557691,432,30.11,0.03,Occitanie
Rhône,2020,13538,180,1561281,233,58.1,0.02,Auvergne-Rhône-Alpes
Rhône,2021,24812,187,1589132,436,56.91,0.02,Auvergne-Rhône-Alpes
Rhône,2022,35408,206,1639941,490,72.26,0.01,Auvergne-Rhône-Alpes
Rhône,2023,49879,204,1631942,401,124.39,0.01,Auvergne-Rhône-Alpes
Rhône,2024,62202,212,1641606,802,77.56,0.01,Auvergne-Rhône-Alpes
Sarthe,2020,2268,14,530316,26,87.23,0.01,Pays de la Loire
Sarthe,2021,4278,17,551896,72,59.42,0.02,Pays de la Loire
Sarthe,2022,6074,17,538889,111,54.72,0.02,Pays de la Loire
Sarthe,2023,8637,18,549235,185,46.69,0.02,Pays de la Loire
Sarthe,2024,11217,19,559248,263,42.65,0.02,Pays de la Loire
Savoie,2020,3094,43,452034,140,22.1,0.05,Auvergne-Rhône-Alpes
Savoie,2021,5336,38,457502,56,95.29,0.01,Auvergne-Rhône-Alpes
Savoie,2022,7678,40,466308,246,31.21,0.03,Auvergne-Rhône-Alpes
Savoie,2023,11077,44,479900,295,37.55,0.03,Auvergne-Rhône-Alpes
Savoie,2024,13646,43,479229,475,28.73,0.03,Auvergne-Rhône-Alpes
Saône-et-Loire,2021,3924,22,525975,24,163.5,0.01,Bourgogne-Franche-Comté
Saône-et-Loire,2022,5566,20,523380,162,34.36,0.03,Bourgogne-Franche-Comté
Saône-et-Loire,2023,8099,21,538797,111,72.96,0.01,Bourgogne-Franche-Comté
Saône-et-Loire,2024,10471,24,547431,525,19.94,0.05,Bourgogne-Franche-Comté
Seine-Maritime,2020,7337,81,1264304,30,244.57,0.0,Normandie
Seine-Maritime,2021,13411,86,1276452,126,106.44,0.01,Normandie
Seine-Maritime,2022,21271,85,1284716,337,63.12,0.02,Normandie
Seine-Maritime,2023,32724,99,1308516,619,52.87,0.02,Normandie
Seine-Maritime,2024,38562,95,1321909,848,45.47,0.02,Normandie
Seine-Saint-Denis,2020,6046,99,1031067,5,1209.2,0.0,Île-de-France
Seine-Saint-Denis,2021,11124,314,1188196,193,57.64,0.02,Île-de-France
Seine-Saint-Denis,2022,14222,117,1082327,441,32.25,0.03,Île-de-France
Seine-Saint-Denis,2023,23199,127,1129266,303,76.56,0.01,Île-de-France
Seine-Saint-Denis,2024,37270,129,1296135,874,42.64,0.02,Île-de-France
Seine-et-Marne,2020,7931,287,1321511,42,188.83,0.01,Île-de-France
Seine-et-Marne,2021,13940,293,1359189,127,109.76,0.01,Île-de-France
Seine-et-Marne,2022,20551,288,1356319,577,35.62,0.03,Île-de-France
Seine-et-Marne,2023,29851,292,1367348,1070,27.9,0.04,Île-de-France
Seine-et-Marne,2024,39421,204,1421434,1374,28.69,0.03,Île-de-France
Somme,2020,2251,11,564236,9,250.11,0.0,Hauts-de-France
Somme,2021,4338,10,564811,44,98.59,0.01,Hauts-de-France
Somme,2022,6806,10,574644,42,162.05,0.01,Hauts-de-France
Somme,2023,10941,13,595460,207,52.86,0.02,Hauts-de-France
Somme,2024,11117,14,576245,712,15.61,0.06,Hauts-de-France
Tarn,2020,1718,15,343122,14,122.71,0.01,Occitanie
Tarn,2021,3565,16,397171,96,37.14,0.03,Occitanie
Tarn,2022,4452,15,343541,413,10.78,0.09,Occitanie
Tarn,2023,6407,17,353046,200,32.03,0.03,Occitanie
Tarn,2024,8227,19,353174,180,45.71,0.02,Occitanie
Tarn-et-Garonne,2020,1245,7,257333,4,311.25,0.0,Occitanie
Tarn-et-Garonne,2021,2249,8,269316,16,140.56,0.01,Occitanie
Tarn-et-Garonne,2022,3382,9,268660,72,46.97,0.02,Occitanie
Tarn-et-Garonne,2023,4846,8,273819,144,33.65,0.03,Occitanie
Tarn-et-Garonne,2024,6288,9,276792,339,18.55,0.05,Occitanie
Territoire de Belfort,2020,645,6,139546,5,129.0,0.01,Bourgogne-Franche-Comté
Territoire de Belfort,2021,1144,5,141009,2,572.0,0.0,Bourgogne-Franche-Comté
Territoire de Belfort,2022,1701,5,143914,5,340.2,0.0,Bourgogne-Franche-Comté
Territoire de Belfort,2023,2542,4,145521,74,34.35,0.03,Bourgogne-Franche-Comté
Territoire de Belfort,2024,3173,3,148835,200,15.86,0.06,Bourgogne-Franche-Comté
Val-d'Oise,2020,6134,26,1030021,18,340.78,0.0,Île-de-France
Val-d'Oise,2021,10607,44,1040367,98,108.23,0.01,Île-de-France
Val-d'Oise,2022,15158,51,1080051,258,58.75,0.02,Île-de-France
Val-d'Oise,2023,21951,57,1100583,545,40.28,0.02,Île-de-France
Val-d'Oise,2024,30680,63,1101897,733,41.86,0.02,Île-de-France
Val-de-Marne,2020,6447,67,988269,102,63.21,0.02,Île-de-France
Val-de-Marne,2021,11552,72,1001063,239,48.33,0.02,Île-de-France
Val-de-Marne,2022,16601,71,1007589,348,47.7,0.02,Île-de-France
Val-de-Marne,2023,24425,69,1025073,467,52.3,0.02,Île-de-France
Val-de-Marne,2024,31571,70,1044243,744,42.43,0.02,Île-de-France
Var,2020,6865,10,1150467,359,19.12,0.05,Provence-Alpes-Côte d'Azur
Var,2021,12940,15,1177323,213,60.75,0.02,Provence-Alpes-Côte d'Azur
Var,2022,18606,19,1148010,265,70.21,0.01,Provence-Alpes-Côte d'Azur
Var,2023,27917,23,1208509,492,56.74,0.02,Provence-Alpes-Côte d'Azur
Var,2024,34223,32,1185442,673,50.85,0.02,Provence-Alpes-Côte d'Azur
Vaucluse,2020,3548,21,598859,63,56.32,0.02,Provence-Alpes-Côte d'Azur
Vaucluse,2021,6252,24,611174,78,80.15,0.01,Provence-Alpes-Côte d'Azur
Vaucluse,2022,9427,25,632019,267,35.31,0.03,Provence-Alpes-Côte d'Azur
Vaucluse,2023,13583,32,650683,236,57.56,0.02,Provence-Alpes-Côte d'Azur
Vaucluse,2024,16975,37,636581,698,24.32,0.04,Provence-Alpes-Côte d'Azur
Vendée,2020,3925,23,663809,23,170.65,0.01,Pays de la Loire
Vendée,2021,6699,31,684653,266,25.18,0.04,Pays de la Loire
Vendée,2022,10094,50,699570,123,82.07,0.01,Pays de la Loire
Vendée,2023,14100,73,700467,260,54.23,0.02,Pays de la Loire
Vendée,2024,18093,86,714367,399,45.35,0.02,Pays de la Loire
Vienne,2020,2485,21,408543,14,177.5,0.01,Nouvelle-Aquitaine
Vienne,2021,5172,20,407955,226,22.88,0.04,Nouvelle-Aquitaine
Vienne,2022,6923,20,433728,114,60.73,0.02,Nouvelle-Aquitaine
Vienne,2023,9248,20,420207,167,55.38,0.02,Nouvelle-Aquitaine
Vienne,2024,10600,22,424138,297,35.69,0.03,Nouvelle-Aquitaine
Vosges,2020,1487,5,377743,4,371.75,0.0,Grand Est
Vosges,2021,2700,7,380260,4,675.0,0.0,Grand Est
Vosges,2022,4146,11,392338,180,23.03,0.04,Grand Est
Vosges,2023,5863,14,394187,381,15.39,0.06,Grand Est
Vosges,2024,7715,16,401880,370,20.85,0.05,Grand Est
Yonne,2020,1222,8,326298,9,135.78,0.01,Bourgogne-Franche-Comté
Yonne,2021,2191,10,341255,45,48.69,0.02,Bourgogne-Franche-Comté
Yonne,2022,3166,17,340328,148,21.39,0.05,Bourgogne-Franche-Comté
Yonne,2023,4397,18,340531,92,47.79,0.02,Bourgogne-Franche-Comté
Yonne,2024,5844,19,348520,523,11.17,0.09,Bourgogne-Franche-Comté
Yvelines,2020,16293,77,1376870,96,169.72,0.01,Île-de-France
Yvelines,2021,25399,77,1404500,296,85.81,0.01,Île-de-France
Yvelines,2022,36208,80,1407652,538,67.3,0.01,Île-de-France
Yvelines,2023,51856,86,1429123,794,65.31,0.02,Île-de-France
Yvelines,2024,85133,93,1525178,1010,84.29,0.01,Île-de-France
