nom_departement,Annee,NB_VP_RECHARGEABLES_EL,NB_VP_RECHARGEABLES_GAZ,NB_VP,nb_borne,borne/nb_el,nom_region,nb_borne_cumule,nb_el/borne
Ain,2020,4084,38,653058,133,0.03,Auvergne-Rhône-Alpes,133,30.706766917293233
Ain,2021,7348,41,670356,17,0.0,Auvergne-Rhône-Alpes,150,48.986666666666665
Ain,2022,11062,43,680873,169,0.02,Auvergne-Rhône-Alpes,319,34.677115987460816
Ain,2023,16016,46,690672,144,0.01,Auvergne-Rhône-Alpes,463,34.59179265658747
Ain,2024,20576,48,697701,419,0.02,Auvergne-Rhône-Alpes,882,23.328798185941043
Aisne,2020,2813,29,543832,10,0.0,Hauts-de-France,10,281.3
Aisne,2021,4884,26,546042,17,0.0,Hauts-de-France,27,180.88888888888889
Aisne,2022,7010,18,558799,209,0.03,Hauts-de-France,236,29.703389830508474
Aisne,2023,10281,15,566368,173,0.02,Hauts-de-France,409,25.13691931540342
Aisne,2024,15987,81,587339,483,0.03,Hauts-de-France,892,17.922645739910315
Allier,2020,1225,9,309367,23,0.02,Auvergne-Rhône-Alpes,23,53.26086956521739
Allier,2021,2246,8,328458,87,0.04,Auvergne-Rhône-Alpes,110,20.418181818181818
Allier,2022,3168,8,318095,97,0.03,Auvergne-Rhône-Alpes,207,15.304347826086957
Allier,2023,4456,9,320770,109,0.02,Auvergne-Rhône-Alpes,316,14.10126582278481
Allier,2024,6003,11,344076,212,0.04,Auvergne-Rhône-Alpes,528,11.369318181818182
Alpes-Maritimes,2020,9328,90,1114606,140,0.02,Provence-Alpes-Côte d'Azur,140,66.62857142857143
Alpes-Maritimes,2021,16400,89,1127159,281,0.02,Provence-Alpes-Côte d'Azur,421,38.95486935866983
Alpes-Maritimes,2022,24344,90,1145935,480,0.02,Provence-Alpes-Côte d'Azur,901,27.0188679245283
Alpes-Maritimes,2023,35811,86,1162859,692,0.02,Provence-Alpes-Côte d'Azur,1593,22.480225988700564
Alpes-Maritimes,2024,45141,89,1177756,1005,0.02,Provence-Alpes-Côte d'Azur,2598,17.375288683602772
Alpes-de-Haute-Provence,2020,1002,6,186164,134,0.13,Provence-Alpes-Côte d'Azur,134,7.477611940298507
Alpes-de-Haute-Provence,2021,1605,7,184465,16,0.01,Provence-Alpes-Côte d'Azur,150,10.7
Alpes-de-Haute-Provence,2022,2243,8,184245,56,0.02,Provence-Alpes-Côte d'Azur,206,10.888349514563107
Alpes-de-Haute-Provence,2023,3251,6,192842,118,0.04,Provence-Alpes-Côte d'Azur,324,10.033950617283951
Alpes-de-Haute-Provence,2024,4007,6,188932,88,0.02,Provence-Alpes-Côte d'Azur,412,9.725728155339805
Ardennes,2020,1093,20,284810,22,0.02,Grand Est,22,49.68181818181818
Ardennes,2021,1912,17,287591,50,0.03,Grand Est,72,26.555555555555557
Ardennes,2022,2888,16,291037,130,0.05,Grand Est,202,14.297029702970297
Ardennes,2023,4218,13,295812,10,0.0,Grand Est,212,19.89622641509434
Ardennes,2024,5356,15,299746,115,0.02,Grand Est,327,16.37920489296636
Ardèche,2020,1641,7,337017,229,0.14,Auvergne-Rhône-Alpes,229,7.165938864628821
Ardèche,2021,2732,6,345061,34,0.01,Auvergne-Rhône-Alpes,263,10.387832699619771
Ardèche,2022,4109,8,352140,25,0.01,Auvergne-Rhône-Alpes,288,14.26736111111111
Ardèche,2023,5801,10,361678,35,0.01,Auvergne-Rhône-Alpes,323,17.959752321981423
Ardèche,2024,7408,11,364155,147,0.02,Auvergne-Rhône-Alpes,470,15.761702127659575
Ariège,2020,656,26,156327,2,0.0,Occitanie,2,328.0
Ariège,2021,1088,25,155969,8,0.01,Occitanie,10,108.8
Ariège,2022,1537,24,158028,98,0.06,Occitanie,108,14.231481481481481
Ariège,2023,2148,26,163798,35,0.02,Occitanie,143,15.020979020979022
Ariège,2024,2647,27,164327,87,0.03,Occitanie,230,11.508695652173913
Aube,2020,1237,6,286263,7,0.01,Grand Est,7,176.71428571428572
Aube,2021,2236,4,291887,29,0.01,Grand Est,36,62.111111111111114
Aube,2022,3333,6,291813,53,0.02,Grand Est,89,37.449438202247194
Aube,2023,5003,5,296438,71,0.01,Grand Est,160,31.26875
Aube,2024,6397,5,299362,616,0.1,Grand Est,776,8.243556701030927
Aude,2021,3098,3,396222,69,0.02,Occitanie,69,44.89855072463768
Aude,2022,4607,4,403587,283,0.06,Occitanie,352,13.088068181818182
Aude,2023,6627,4,414082,253,0.04,Occitanie,605,10.953719008264462
Aude,2024,8269,5,415505,350,0.04,Occitanie,955,8.658638743455498
Aveyron,2020,1205,15,284071,14,0.01,Occitanie,14,86.07142857142857
Aveyron,2021,1964,13,291764,42,0.02,Occitanie,56,35.07142857142857
Aveyron,2022,2826,15,290206,200,0.07,Occitanie,256,11.0390625
Aveyron,2023,3950,15,293308,101,0.03,Occitanie,357,11.064425770308123
Aveyron,2024,5150,13,302006,117,0.02,Occitanie,474,10.864978902953586
Bas-Rhin,2020,8383,216,1101989,70,0.01,Grand Est,70,119.75714285714285
Bas-Rhin,2021,14629,223,1122511,192,0.01,Grand Est,262,55.83587786259542
Bas-Rhin,2022,20880,225,1127823,276,0.01,Grand Est,538,38.81040892193309
Bas-Rhin,2023,29564,224,1147770,302,0.01,Grand Est,840,35.195238095238096
Bas-Rhin,2024,37558,224,1156965,1141,0.03,Grand Est,1981,18.959111559818275
Bouches-du-Rhône,2020,15700,220,2113861,48,0.0,Provence-Alpes-Côte d'Azur,48,327.0833333333333
Bouches-du-Rhône,2021,29395,208,2149217,766,0.03,Provence-Alpes-Côte d'Azur,814,36.11179361179361
Bouches-du-Rhône,2022,41666,211,2128319,285,0.01,Provence-Alpes-Côte d'Azur,1099,37.91264786169245
Bouches-du-Rhône,2023,57188,227,2165910,1178,0.02,Provence-Alpes-Côte d'Azur,2277,25.115502854633288
Bouches-du-Rhône,2024,72920,241,2203907,1499,0.02,Provence-Alpes-Côte d'Azur,3776,19.3114406779661
Calvados,2020,3735,20,632623,13,0.0,Normandie,13,287.3076923076923
Calvados,2021,6705,21,655910,61,0.01,Normandie,74,90.60810810810811
Calvados,2022,10238,21,664592,126,0.01,Normandie,200,51.19
Calvados,2023,14929,21,673318,366,0.02,Normandie,566,26.37632508833922
Calvados,2024,19683,25,693083,1086,0.06,Normandie,1652,11.914648910411623
Cantal,2021,853,0,139633,24,0.03,Auvergne-Rhône-Alpes,24,35.541666666666664
Cantal,2022,1290,0,145524,13,0.01,Auvergne-Rhône-Alpes,37,34.86486486486486
Cantal,2023,1807,1,134858,28,0.02,Auvergne-Rhône-Alpes,65,27.8
Cantal,2024,2485,1,145221,163,0.07,Auvergne-Rhône-Alpes,228,10.899122807017545
Charente,2020,1743,3,338455,40,0.02,Nouvelle-Aquitaine,40,43.575
Charente,2021,2924,6,333380,58,0.02,Nouvelle-Aquitaine,98,29.836734693877553
Charente,2022,4324,5,339555,40,0.01,Nouvelle-Aquitaine,138,31.333333333333332
Charente,2023,5879,3,340524,95,0.02,Nouvelle-Aquitaine,233,25.23175965665236
Charente,2024,7462,2,355886,412,0.06,Nouvelle-Aquitaine,645,11.568992248062015
Charente-Maritime,2020,4244,0,648710,10,0.0,Nouvelle-Aquitaine,10,424.4
Charente-Maritime,2021,6021,6,588018,66,0.01,Nouvelle-Aquitaine,76,79.22368421052632
Charente-Maritime,2022,10430,10,668375,165,0.02,Nouvelle-Aquitaine,241,43.27800829875519
Charente-Maritime,2023,14399,10,673914,147,0.01,Nouvelle-Aquitaine,388,37.11082474226804
Charente-Maritime,2024,14754,10,577784,874,0.06,Nouvelle-Aquitaine,1262,11.690966719492868
Cher,2020,1228,38,304224,23,0.02,Centre-Val de Loire,23,53.391304347826086
Cher,2021,2055,35,306461,78,0.04,Centre-Val de Loire,101,20.346534653465348
Cher,2022,2953,29,309249,38,0.01,Centre-Val de Loire,139,21.244604316546763
Cher,2023,4195,29,317444,134,0.03,Centre-Val de Loire,273,15.366300366300367
Cher,2024,5401,24,322361,239,0.04,Centre-Val de Loire,512,10.548828125
Corrèze,2020,1048,8,248802,2,0.0,Nouvelle-Aquitaine,2,524.0
Corrèze,2021,1928,11,254036,9,0.0,Nouvelle-Aquitaine,11,175.27272727272728
Corrèze,2022,2845,11,257464,49,0.02,Nouvelle-Aquitaine,60,47.416666666666664
Corrèze,2023,3915,12,255892,169,0.04,Nouvelle-Aquitaine,229,17.096069868995635
Corrèze,2024,5008,11,260873,369,0.07,Nouvelle-Aquitaine,598,8.37458193979933
Corse-du-Sud,2020,964,1,192498,10,0.01,Corse,10,96.4
Corse-du-Sud,2021,1895,1,197971,50,0.03,Corse,60,31.583333333333332
Corse-du-Sud,2022,2939,1,202937,57,0.02,Corse,117,25.11965811965812
Corse-du-Sud,2023,4471,1,207097,42,0.01,Corse,159,28.11949685534591
Corse-du-Sud,2024,5444,1,208163,29,0.01,Corse,188,28.95744680851064
Creuse,2022,855,0,126168,18,0.02,Nouvelle-Aquitaine,18,47.5
Creuse,2023,1190,0,128612,10,0.01,Nouvelle-Aquitaine,28,42.5
Creuse,2024,1522,2,130410,139,0.09,Nouvelle-Aquitaine,167,9.113772455089821
Côte-d'Or,2020,2781,13,502990,113,0.04,Bourgogne-Franche-Comté,113,24.61061946902655
Côte-d'Or,2021,4910,13,509657,125,0.03,Bourgogne-Franche-Comté,238,20.630252100840337
Côte-d'Or,2022,7292,14,519622,333,0.05,Bourgogne-Franche-Comté,571,12.770577933450088
Côte-d'Or,2023,10057,16,514140,363,0.04,Bourgogne-Franche-Comté,934,10.767665952890793
Côte-d'Or,2024,12906,17,521992,433,0.03,Bourgogne-Franche-Comté,1367,9.441111923920994
Côtes-d'Armor,2020,2869,15,638895,2,0.0,Bretagne,2,1434.5
Côtes-d'Armor,2021,4888,16,648356,27,0.01,Bretagne,29,168.55172413793105
Côtes-d'Armor,2022,7285,18,658051,43,0.01,Bretagne,72,101.18055555555556
Côtes-d'Armor,2023,10381,22,668264,563,0.05,Bretagne,635,16.34803149606299
Côtes-d'Armor,2024,13266,32,677233,420,0.03,Bretagne,1055,12.574407582938388
Deux-Sèvres,2020,1877,19,368176,14,0.01,Nouvelle-Aquitaine,14,134.07142857142858
Deux-Sèvres,2021,3020,15,365830,32,0.01,Nouvelle-Aquitaine,46,65.65217391304348
Deux-Sèvres,2022,4365,16,366920,97,0.02,Nouvelle-Aquitaine,143,30.524475524475523
Deux-Sèvres,2023,6183,16,373727,205,0.03,Nouvelle-Aquitaine,348,17.767241379310345
Deux-Sèvres,2024,7993,19,384639,237,0.03,Nouvelle-Aquitaine,585,13.663247863247863
Dordogne,2020,1908,9,435477,11,0.01,Nouvelle-Aquitaine,11,173.45454545454547
Dordogne,2021,3528,11,449273,52,0.01,Nouvelle-Aquitaine,63,56.0
Dordogne,2022,5291,11,459873,60,0.01,Nouvelle-Aquitaine,123,43.016260162601625
Dordogne,2023,7414,11,466288,90,0.01,Nouvelle-Aquitaine,213,34.8075117370892
Dordogne,2024,8988,10,461063,562,0.06,Nouvelle-Aquitaine,775,11.59741935483871
Doubs,2020,3431,21,566751,16,0.0,Bourgogne-Franche-Comté,16,214.4375
Doubs,2021,5579,21,575216,27,0.0,Bourgogne-Franche-Comté,43,129.74418604651163
Doubs,2022,8015,23,583522,97,0.01,Bourgogne-Franche-Comté,140,57.25
Doubs,2023,11542,28,596062,157,0.01,Bourgogne-Franche-Comté,297,38.861952861952865
Doubs,2024,14555,31,601912,573,0.04,Bourgogne-Franche-Comté,870,16.729885057471265
Drôme,2020,3498,29,542676,277,0.08,Auvergne-Rhône-Alpes,277,12.628158844765343
Drôme,2021,5093,37,490045,43,0.01,Auvergne-Rhône-Alpes,320,15.915625
Drôme,2022,7616,39,500707,193,0.03,Auvergne-Rhône-Alpes,513,14.846003898635477
Drôme,2023,10908,42,507049,175,0.02,Auvergne-Rhône-Alpes,688,15.854651162790697
Drôme,2024,16068,54,580516,665,0.04,Auvergne-Rhône-Alpes,1353,11.875831485587582
Essonne,2020,7475,36,1063687,71,0.01,Île-de-France,71,105.28169014084507
Essonne,2021,13429,39,1122387,134,0.01,Île-de-France,205,65.50731707317073
Essonne,2022,18298,44,1096294,200,0.01,Île-de-France,405,45.18024691358025
Essonne,2023,25675,45,1102505,534,0.02,Île-de-France,939,27.342917997870074
Essonne,2024,33285,50,1149926,1207,0.04,Île-de-France,2146,15.510251630941285
Eure,2021,5350,15,611740,11,0.0,Normandie,11,486.3636363636364
Eure,2022,8486,18,639831,102,0.01,Normandie,113,75.09734513274336
Eure,2023,11960,15,651033,215,0.02,Normandie,328,36.46341463414634
Eure,2024,15498,16,672625,375,0.02,Normandie,703,22.04551920341394
Eure-et-Loir,2020,2319,2,439083,6,0.0,Centre-Val de Loire,6,386.5
Eure-et-Loir,2021,3895,2,444500,38,0.01,Centre-Val de Loire,44,88.52272727272727
Eure-et-Loir,2022,5416,3,436119,94,0.02,Centre-Val de Loire,138,39.2463768115942
Eure-et-Loir,2023,7890,3,457314,194,0.02,Centre-Val de Loire,332,23.765060240963855
Eure-et-Loir,2024,10016,4,464314,262,0.03,Centre-Val de Loire,594,16.86195286195286
Finistère,2020,4677,10,949220,3,0.0,Bretagne,3,1559.0
Finistère,2021,8005,16,956964,52,0.01,Bretagne,55,145.54545454545453
Finistère,2022,11972,18,964707,118,0.01,Bretagne,173,69.20231213872832
Finistère,2023,17417,21,982891,643,0.04,Bretagne,816,21.34436274509804
Finistère,2024,22662,24,997882,609,0.03,Bretagne,1425,15.903157894736841
Gard,2020,4273,9,770805,33,0.01,Occitanie,33,129.4848484848485
Gard,2021,7794,10,767937,138,0.02,Occitanie,171,45.578947368421055
Gard,2022,11649,11,781568,462,0.04,Occitanie,633,18.402843601895736
Gard,2023,16944,14,786797,215,0.01,Occitanie,848,19.9811320754717
Gard,2024,21216,15,790199,534,0.03,Occitanie,1382,15.351664254703328
Gers,2021,1858,9,208196,15,0.01,Occitanie,15,123.86666666666666
Gers,2022,2463,7,198925,46,0.02,Occitanie,61,40.377049180327866
Gers,2023,3495,8,201728,32,0.01,Occitanie,93,37.58064516129032
Gers,2024,4826,7,217273,207,0.04,Occitanie,300,16.086666666666666
Gironde,2020,9735,66,1493730,172,0.02,Nouvelle-Aquitaine,172,56.598837209302324
Gironde,2021,18261,68,1569995,280,0.02,Nouvelle-Aquitaine,452,40.400442477876105
Gironde,2022,25358,59,1528013,478,0.02,Nouvelle-Aquitaine,930,27.266666666666666
Gironde,2023,35634,57,1545644,470,0.01,Nouvelle-Aquitaine,1400,25.452857142857145
Gironde,2024,48231,66,1640294,1983,0.04,Nouvelle-Aquitaine,3383,14.256872598285545
Haut-Rhin,2020,5618,80,801749,21,0.0,Grand Est,21,267.5238095238095
Haut-Rhin,2021,9790,84,809543,72,0.01,Grand Est,93,105.26881720430107
Haut-Rhin,2022,14133,86,800786,181,0.01,Grand Est,274,51.58029197080292
Haut-Rhin,2023,20330,90,829421,271,0.01,Grand Est,545,37.30275229357798
Haut-Rhin,2024,24966,92,829368,609,0.02,Grand Est,1154,21.63431542461005
Haute-Corse,2020,1480,1,212699,7,0.0,Corse,7,211.42857142857142
Haute-Corse,2021,3559,1,218915,36,0.01,Corse,43,82.76744186046511
Haute-Corse,2022,6002,1,222118,42,0.01,Corse,85,70.61176470588235
Haute-Corse,2023,11089,2,232214,34,0.0,Corse,119,93.18487394957984
Haute-Corse,2024,11960,2,235437,30,0.0,Corse,149,80.26845637583892
Haute-Garonne,2020,10409,99,1298263,146,0.01,Occitanie,146,71.29452054794521
Haute-Garonne,2021,17369,101,1319269,302,0.02,Occitanie,448,38.770089285714285
Haute-Garonne,2022,25537,103,1347924,823,0.03,Occitanie,1271,20.092053501180175
Haute-Garonne,2023,36326,108,1347734,968,0.03,Occitanie,2239,16.224207235372933
Haute-Garonne,2024,46733,110,1387953,1333,0.03,Occitanie,3572,13.083146696528555
Haute-Loire,2020,914,12,248447,62,0.07,Auvergne-Rhône-Alpes,62,14.741935483870968
Haute-Loire,2021,1644,11,252912,23,0.01,Auvergne-Rhône-Alpes,85,19.341176470588234
Haute-Loire,2022,2421,10,256289,37,0.02,Auvergne-Rhône-Alpes,122,19.84426229508197
Haute-Loire,2023,3415,14,260289,16,0.0,Auvergne-Rhône-Alpes,138,24.746376811594203
Haute-Loire,2024,4546,12,264010,78,0.02,Auvergne-Rhône-Alpes,216,21.046296296296298
Haute-Marne,2021,814,3,164693,9,0.01,Grand Est,9,90.44444444444444
Haute-Marne,2022,1223,4,165597,90,0.07,Grand Est,99,12.353535353535353
Haute-Marne,2023,2069,5,188420,89,0.04,Grand Est,188,11.00531914893617
Haute-Marne,2024,2158,6,167574,73,0.03,Grand Est,261,8.268199233716475
Haute-Savoie,2020,7201,68,852276,354,0.05,Auvergne-Rhône-Alpes,354,20.34180790960452
Haute-Savoie,2021,12032,80,890171,38,0.0,Auvergne-Rhône-Alpes,392,30.693877551020407
Haute-Savoie,2022,17552,84,903053,309,0.02,Auvergne-Rhône-Alpes,701,25.03851640513552
Haute-Savoie,2023,25182,90,949211,205,0.01,Auvergne-Rhône-Alpes,906,27.794701986754966
Haute-Savoie,2024,31138,93,945738,691,0.02,Auvergne-Rhône-Alpes,1597,19.497808390732622
Haute-Saône,2020,795,4,248191,4,0.01,Bourgogne-Franche-Comté,4,198.75
Haute-Saône,2022,1999,4,247338,6,0.0,Bourgogne-Franche-Comté,10,199.9
Haute-Saône,2023,2949,3,247638,36,0.01,Bourgogne-Franche-Comté,46,64.1086956521739
Haute-Saône,2024,4015,2,269340,188,0.05,Bourgogne-Franche-Comté,234,17.15811965811966
Haute-Vienne,2020,1671,14,378483,1,0.0,Nouvelle-Aquitaine,1,1671.0
Haute-Vienne,2021,3062,14,386255,57,0.02,Nouvelle-Aquitaine,58,52.793103448275865
Haute-Vienne,2022,4545,10,384632,58,0.01,Nouvelle-Aquitaine,116,39.18103448275862
Haute-Vienne,2023,6556,12,389835,132,0.02,Nouvelle-Aquitaine,248,26.43548387096774
Haute-Vienne,2024,8460,12,395781,364,0.04,Nouvelle-Aquitaine,612,13.823529411764707
Hautes-Alpes,2020,769,2,146699,174,0.23,Provence-Alpes-Côte d'Azur,174,4.419540229885057
Hautes-Alpes,2021,1307,5,150562,15,0.01,Provence-Alpes-Côte d'Azur,189,6.915343915343915
Hautes-Alpes,2022,1843,5,152015,22,0.01,Provence-Alpes-Côte d'Azur,211,8.734597156398104
Hautes-Alpes,2023,2533,6,158242,66,0.03,Provence-Alpes-Côte d'Azur,277,9.144404332129964
Hautes-Alpes,2024,3188,6,159002,184,0.06,Provence-Alpes-Côte d'Azur,461,6.915401301518438
Hautes-Pyrénées,2020,1042,17,232963,1,0.0,Occitanie,1,1042.0
Hautes-Pyrénées,2021,1786,18,244293,20,0.01,Occitanie,21,85.04761904761905
Hautes-Pyrénées,2022,2509,19,241701,225,0.09,Occitanie,246,10.199186991869919
Hautes-Pyrénées,2023,3561,19,249526,78,0.02,Occitanie,324,10.99074074074074
Hautes-Pyrénées,2024,4297,19,239032,160,0.04,Occitanie,484,8.87809917355372
Hauts-de-Seine,2020,23435,134,1444363,351,0.01,Île-de-France,351,66.76638176638177
Hauts-de-Seine,2021,35886,134,1469612,636,0.02,Île-de-France,987,36.358662613981764
Hauts-de-Seine,2022,49308,143,1484625,375,0.01,Île-de-France,1362,36.202643171806166
Hauts-de-Seine,2023,73494,174,1532630,484,0.01,Île-de-France,1846,39.812567713976165
Hauts-de-Seine,2024,102336,704,1624935,1000,0.01,Île-de-France,2846,35.957835558678845
Hérault,2020,6751,54,1154199,22,0.0,Occitanie,22,306.8636363636364
Hérault,2021,12492,55,1177526,97,0.01,Occitanie,119,104.97478991596638
Hérault,2022,18968,56,1178412,414,0.02,Occitanie,533,35.587242026266416
Hérault,2023,28358,58,1211267,453,0.02,Occitanie,986,28.760649087221097
Hérault,2024,36305,62,1228065,1058,0.03,Occitanie,2044,17.76174168297456
Ille-et-Vilaine,2020,5744,24,983078,68,0.01,Bretagne,68,84.47058823529412
Ille-et-Vilaine,2021,9781,37,999477,67,0.01,Bretagne,135,72.45185185185186
Ille-et-Vilaine,2022,14801,39,1001747,196,0.01,Bretagne,331,44.716012084592144
Ille-et-Vilaine,2023,20607,47,1012251,367,0.02,Bretagne,698,29.522922636103154
Ille-et-Vilaine,2024,27517,54,1046218,593,0.02,Bretagne,1291,21.3144848954299
Indre,2020,672,2,216932,5,0.01,Centre-Val de Loire,5,134.4
Indre,2021,1089,2,219279,4,0.0,Centre-Val de Loire,9,121.0
Indre,2022,1642,1,224913,33,0.02,Centre-Val de Loire,42,39.095238095238095
Indre,2023,2208,1,227561,18,0.01,Centre-Val de Loire,60,36.8
Indre,2024,2805,3,222134,194,0.07,Centre-Val de Loire,254,11.043307086614174
Indre-et-Loire,2020,3872,13,560889,15,0.0,Centre-Val de Loire,15,258.1333333333333
Indre-et-Loire,2021,6446,10,569258,64,0.01,Centre-Val de Loire,79,81.59493670886076
Indre-et-Loire,2022,9029,13,563505,109,0.01,Centre-Val de Loire,188,48.026595744680854
Indre-et-Loire,2023,13178,13,581573,309,0.02,Centre-Val de Loire,497,26.515090543259557
Indre-et-Loire,2024,16726,15,588175,294,0.02,Centre-Val de Loire,791,21.145385587863466
Isère,2020,8111,126,1234395,314,0.04,Auvergne-Rhône-Alpes,314,25.831210191082803
Isère,2021,14019,155,1263577,166,0.01,Auvergne-Rhône-Alpes,480,29.20625
Isère,2022,19873,162,1255946,338,0.02,Auvergne-Rhône-Alpes,818,24.294621026894866
Isère,2023,29220,179,1297580,432,0.01,Auvergne-Rhône-Alpes,1250,23.376
Isère,2024,37301,169,1308412,868,0.02,Auvergne-Rhône-Alpes,2118,17.611425873465535
Jura,2020,1197,5,259798,10,0.01,Bourgogne-Franche-Comté,10,119.7
Jura,2021,2134,6,275694,18,0.01,Bourgogne-Franche-Comté,28,76.21428571428571
Jura,2022,3127,9,275764,29,0.01,Bourgogne-Franche-Comté,57,54.85964912280702
Jura,2023,4326,9,279534,76,0.02,Bourgogne-Franche-Comté,133,32.526315789473685
Jura,2024,5424,7,277412,152,0.03,Bourgogne-Franche-Comté,285,19.03157894736842
Landes,2020,1946,24,441349,167,0.09,Nouvelle-Aquitaine,167,11.652694610778443
Landes,2021,3783,28,461006,41,0.01,Nouvelle-Aquitaine,208,18.1875
Landes,2022,5821,30,465992,109,0.02,Nouvelle-Aquitaine,317,18.36277602523659
Landes,2023,8023,24,461106,172,0.02,Nouvelle-Aquitaine,489,16.406952965235174
Landes,2024,10712,33,473772,651,0.06,Nouvelle-Aquitaine,1140,9.396491228070175
Loir-et-Cher,2020,1721,8,337717,30,0.02,Centre-Val de Loire,30,57.36666666666667
Loir-et-Cher,2021,2715,9,345812,40,0.01,Centre-Val de Loire,70,38.785714285714285
Loir-et-Cher,2022,3888,8,344257,284,0.07,Centre-Val de Loire,354,10.983050847457626
Loir-et-Cher,2023,5481,7,346865,164,0.03,Centre-Val de Loire,518,10.58108108108108
Loir-et-Cher,2024,7142,9,358535,445,0.06,Centre-Val de Loire,963,7.416407061266875
Loire,2020,3324,44,726220,257,0.08,Auvergne-Rhône-Alpes,257,12.933852140077821
Loire,2021,6270,48,746773,107,0.02,Auvergne-Rhône-Alpes,364,17.225274725274726
Loire,2022,9449,51,759042,191,0.02,Auvergne-Rhône-Alpes,555,17.025225225225224
Loire,2023,13692,50,761598,181,0.01,Auvergne-Rhône-Alpes,736,18.60326086956522
Loire,2024,17817,41,779223,524,0.03,Auvergne-Rhône-Alpes,1260,14.14047619047619
Loire-Atlantique,2020,7829,327,1275465,9,0.0,Pays de la Loire,9,869.8888888888889
Loire-Atlantique,2021,13790,343,1358844,475,0.03,Pays de la Loire,484,28.49173553719008
Loire-Atlantique,2022,19308,336,1300406,201,0.01,Pays de la Loire,685,28.18686131386861
Loire-Atlantique,2023,27967,362,1323179,658,0.02,Pays de la Loire,1343,20.824274013402828
Loire-Atlantique,2024,35983,362,1326840,1319,0.04,Pays de la Loire,2662,13.517280240420737
Loiret,2020,3618,24,668162,31,0.01,Centre-Val de Loire,31,116.70967741935483
Loiret,2021,6240,27,697849,73,0.01,Centre-Val de Loire,104,60.0
Loiret,2022,8802,29,691956,255,0.03,Centre-Val de Loire,359,24.518105849582174
Loiret,2023,12870,28,698114,218,0.02,Centre-Val de Loire,577,22.305025996533796
Loiret,2024,15337,26,679165,433,0.03,Centre-Val de Loire,1010,15.185148514851486
Lot,2021,1530,7,193799,133,0.09,Occitanie,133,11.503759398496241
Lot,2022,2210,7,198302,33,0.01,Occitanie,166,13.313253012048193
Lot,2023,2914,7,198404,30,0.01,Occitanie,196,14.86734693877551
Lot,2024,3577,7,199581,111,0.03,Occitanie,307,11.651465798045603
Lot-et-Garonne,2020,1834,14,352847,47,0.03,Nouvelle-Aquitaine,47,39.02127659574468
Lot-et-Garonne,2021,3187,17,355104,21,0.01,Nouvelle-Aquitaine,68,46.86764705882353
Lot-et-Garonne,2022,4614,15,361298,73,0.02,Nouvelle-Aquitaine,141,32.723404255319146
Lot-et-Garonne,2023,6326,19,362872,80,0.01,Nouvelle-Aquitaine,221,28.624434389140273
Lot-et-Garonne,2024,7599,22,358070,464,0.06,Nouvelle-Aquitaine,685,11.093430656934306
Lozère,2020,252,0,82277,14,0.06,Occitanie,14,18.0
Lozère,2021,401,0,81802,6,0.01,Occitanie,20,20.05
Lozère,2022,582,0,84800,71,0.12,Occitanie,91,6.395604395604396
Lozère,2023,781,1,86147,6,0.01,Occitanie,97,8.051546391752577
Lozère,2024,996,1,86279,28,0.03,Occitanie,125,7.968
Maine-et-Loire,2020,4245,49,733356,1,0.0,Pays de la Loire,1,4245.0
Maine-et-Loire,2021,7168,59,755428,416,0.06,Pays de la Loire,417,17.189448441247002
Maine-et-Loire,2022,10527,73,765104,200,0.02,Pays de la Loire,617,17.06158833063209
Maine-et-Loire,2023,14631,81,762632,248,0.02,Pays de la Loire,865,16.91445086705202
Maine-et-Loire,2024,19634,89,781720,782,0.04,Pays de la Loire,1647,11.921068609593199
Manche,2020,2865,23,486462,16,0.01,Normandie,16,179.0625
Manche,2021,4757,22,492148,130,0.03,Normandie,146,32.582191780821915
Manche,2022,6995,26,496924,73,0.01,Normandie,219,31.940639269406393
Manche,2023,10319,28,509006,134,0.01,Normandie,353,29.23229461756374
Manche,2024,13024,27,514065,362,0.03,Normandie,715,18.215384615384615
Marne,2020,2947,8,551392,93,0.03,Grand Est,93,31.688172043010752
Marne,2021,5555,10,560936,59,0.01,Grand Est,152,36.546052631578945
Marne,2022,8368,11,566718,115,0.01,Grand Est,267,31.34082397003745
Marne,2023,12128,19,572827,245,0.02,Grand Est,512,23.6875
Marne,2024,14948,29,577248,716,0.05,Grand Est,1228,12.172638436482085
Mayenne,2020,1472,6,292081,20,0.01,Pays de la Loire,20,73.6
Mayenne,2021,2356,4,291587,25,0.01,Pays de la Loire,45,52.355555555555554
Mayenne,2022,2833,8,260858,53,0.02,Pays de la Loire,98,28.908163265306122
Mayenne,2023,5159,14,310065,59,0.01,Pays de la Loire,157,32.859872611464965
Mayenne,2024,5058,10,257625,330,0.07,Pays de la Loire,487,10.386036960985626
Meurthe-et-Moselle,2020,3422,27,698450,57,0.02,Grand Est,57,60.03508771929825
Meurthe-et-Moselle,2021,6168,32,699973,49,0.01,Grand Est,106,58.18867924528302
Meurthe-et-Moselle,2022,9231,37,702646,175,0.02,Grand Est,281,32.85053380782918
Meurthe-et-Moselle,2023,13672,39,719280,375,0.03,Grand Est,656,20.841463414634145
Meurthe-et-Moselle,2024,17792,52,721933,723,0.04,Grand Est,1379,12.902102973168963
Meuse,2020,700,7,200211,2,0.0,Grand Est,2,350.0
Meuse,2021,1030,5,186714,15,0.01,Grand Est,17,60.588235294117645
Meuse,2022,1772,6,206031,64,0.04,Grand Est,81,21.876543209876544
Meuse,2023,2281,7,194070,35,0.02,Grand Est,116,19.663793103448278
Meuse,2024,2966,6,195076,84,0.03,Grand Est,200,14.83
Morbihan,2020,3841,48,771656,13,0.0,Bretagne,13,295.46153846153845
Morbihan,2021,6638,62,791584,37,0.01,Bretagne,50,132.76
Morbihan,2022,9702,72,793489,154,0.02,Bretagne,204,47.55882352941177
Morbihan,2023,13781,79,810327,189,0.01,Bretagne,393,35.06615776081425
Morbihan,2024,17984,85,820586,935,0.05,Bretagne,1328,13.542168674698795
Moselle,2020,4872,61,1112180,73,0.01,Grand Est,73,66.73972602739725
Moselle,2021,9256,64,1130048,36,0.0,Grand Est,109,84.91743119266054
Moselle,2022,13971,66,1134582,307,0.02,Grand Est,416,33.58413461538461
Moselle,2023,20849,66,1154517,744,0.04,Grand Est,1160,17.973275862068967
Moselle,2024,27312,63,1176733,1396,0.05,Grand Est,2556,10.685446009389672
Nièvre,2022,1745,40,223087,30,0.02,Bourgogne-Franche-Comté,30,58.166666666666664
Nièvre,2023,2399,36,228327,73,0.03,Bourgogne-Franche-Comté,103,23.29126213592233
Nièvre,2024,3011,35,230094,271,0.09,Bourgogne-Franche-Comté,374,8.050802139037433
Nord,2020,13314,218,2481726,379,0.03,Hauts-de-France,379,35.12928759894459
Nord,2021,23787,227,2515683,514,0.02,Hauts-de-France,893,26.637178051511757
Nord,2022,35642,223,2555317,951,0.03,Hauts-de-France,1844,19.328633405639913
Nord,2023,52283,224,2583964,1206,0.02,Hauts-de-France,3050,17.141967213114754
Nord,2024,70272,230,2634578,1786,0.03,Hauts-de-France,4836,14.531017369727047
Oise,2020,6220,40,1112294,18,0.0,Hauts-de-France,18,345.55555555555554
Oise,2021,13558,41,1137194,74,0.01,Hauts-de-France,92,147.3695652173913
Oise,2022,18645,39,1153743,126,0.01,Hauts-de-France,218,85.52752293577981
Oise,2023,24936,44,1144590,207,0.01,Hauts-de-France,425,58.67294117647059
Oise,2024,24076,46,1104696,975,0.04,Hauts-de-France,1400,17.197142857142858
Orne,2020,1095,6,291849,3,0.0,Normandie,3,365.0
Orne,2021,1748,10,283199,36,0.02,Normandie,39,44.82051282051282
Orne,2022,2581,9,286807,39,0.02,Normandie,78,33.08974358974359
Orne,2023,3788,9,304382,79,0.02,Normandie,157,24.127388535031848
Orne,2024,4558,10,291617,162,0.04,Normandie,319,14.288401253918495
Paris,2020,21284,165,1134114,256,0.01,Île-de-France,256,83.140625
Paris,2021,34605,163,1141260,2401,0.07,Île-de-France,2657,13.024087316522394
Paris,2022,47874,172,1148236,1697,0.04,Île-de-France,4354,10.995406522737712
Paris,2023,68039,267,1175290,1830,0.03,Île-de-France,6184,11.002425614489004
Paris,2024,87957,259,1232080,435,0.0,Île-de-France,6619,13.288563227073576
Pas-de-Calais,2020,5596,40,1355307,119,0.02,Hauts-de-France,119,47.02521008403362
Pas-de-Calais,2021,10325,37,1387882,277,0.03,Hauts-de-France,396,26.07323232323232
Pas-de-Calais,2022,16260,42,1391776,419,0.03,Hauts-de-France,815,19.950920245398773
Pas-de-Calais,2023,24734,52,1420045,516,0.02,Hauts-de-France,1331,18.583020285499625
Pas-de-Calais,2024,32778,52,1445862,1013,0.03,Hauts-de-France,2344,13.983788395904437
Puy-de-Dôme,2020,3350,34,654720,27,0.01,Auvergne-Rhône-Alpes,27,124.07407407407408
Puy-de-Dôme,2021,5939,35,662495,25,0.0,Auvergne-Rhône-Alpes,52,114.21153846153847
Puy-de-Dôme,2022,8768,39,674847,281,0.03,Auvergne-Rhône-Alpes,333,26.33033033033033
Puy-de-Dôme,2023,12646,42,677283,304,0.02,Auvergne-Rhône-Alpes,637,19.85243328100471
Puy-de-Dôme,2024,16178,44,689245,590,0.04,Auvergne-Rhône-Alpes,1227,13.185004074979625
Pyrénées-Atlantiques,2020,3728,24,689678,114,0.03,Nouvelle-Aquitaine,114,32.70175438596491
Pyrénées-Atlantiques,2021,6734,22,698364,24,0.0,Nouvelle-Aquitaine,138,48.79710144927536
Pyrénées-Atlantiques,2022,9775,47,699595,118,0.01,Nouvelle-Aquitaine,256,38.18359375
Pyrénées-Atlantiques,2023,13741,52,710007,234,0.02,Nouvelle-Aquitaine,490,28.042857142857144
Pyrénées-Atlantiques,2024,17210,52,717529,718,0.04,Nouvelle-Aquitaine,1208,14.246688741721854
Pyrénées-Orientales,2020,2284,6,506610,28,0.01,Occitanie,28,81.57142857142857
Pyrénées-Orientales,2021,4459,9,499152,79,0.02,Occitanie,107,41.67289719626168
Pyrénées-Orientales,2022,6697,10,513097,183,0.03,Occitanie,290,23.093103448275862
Pyrénées-Orientales,2023,9905,10,530578,153,0.02,Occitanie,443,22.358916478555305
Pyrénées-Orientales,2024,13007,13,557691,432,0.03,Occitanie,875,14.865142857142857
Rhône,2020,13538,180,1561281,233,0.02,Auvergne-Rhône-Alpes,233,58.103004291845494
Rhône,2021,24812,187,1589132,436,0.02,Auvergne-Rhône-Alpes,669,37.0881913303438
Rhône,2022,35408,206,1639941,490,0.01,Auvergne-Rhône-Alpes,1159,30.550474547023295
Rhône,2023,49879,204,1631942,401,0.01,Auvergne-Rhône-Alpes,1560,31.973717948717947
Rhône,2024,62202,212,1641606,802,0.01,Auvergne-Rhône-Alpes,2362,26.33446232006774
Sarthe,2020,2268,14,530316,26,0.01,Pays de la Loire,26,87.23076923076923
Sarthe,2021,4278,17,551896,72,0.02,Pays de la Loire,98,43.6530612244898
Sarthe,2022,6074,17,538889,111,0.02,Pays de la Loire,209,29.0622009569378
Sarthe,2023,8637,18,549235,185,0.02,Pays de la Loire,394,21.921319796954315
Sarthe,2024,11217,19,559248,263,0.02,Pays de la Loire,657,17.073059360730593
Savoie,2020,3094,43,452034,140,0.05,Auvergne-Rhône-Alpes,140,22.1
Savoie,2021,5336,38,457502,56,0.01,Auvergne-Rhône-Alpes,196,27.224489795918366
Savoie,2022,7678,40,466308,246,0.03,Auvergne-Rhône-Alpes,442,17.3710407239819
Savoie,2023,11077,44,479900,295,0.03,Auvergne-Rhône-Alpes,737,15.029850746268657
Savoie,2024,13646,43,479229,475,0.03,Auvergne-Rhône-Alpes,1212,11.25907590759076
Saône-et-Loire,2021,3924,22,525975,24,0.01,Bourgogne-Franche-Comté,24,163.5
Saône-et-Loire,2022,5566,20,523380,162,0.03,Bourgogne-Franche-Comté,186,29.9247311827957
Saône-et-Loire,2023,8099,21,538797,111,0.01,Bourgogne-Franche-Comté,297,27.26936026936027
Saône-et-Loire,2024,10471,24,547431,525,0.05,Bourgogne-Franche-Comté,822,12.738442822384428
Seine-Maritime,2020,7337,81,1264304,30,0.0,Normandie,30,244.56666666666666
Seine-Maritime,2021,13411,86,1276452,126,0.01,Normandie,156,85.96794871794872
Seine-Maritime,2022,21271,85,1284716,337,0.02,Normandie,493,43.14604462474645
Seine-Maritime,2023,32724,99,1308516,619,0.02,Normandie,1112,29.428057553956833
Seine-Maritime,2024,38562,95,1321909,848,0.02,Normandie,1960,19.67448979591837
Seine-Saint-Denis,2020,6046,99,1031067,5,0.0,Île-de-France,5,1209.2
Seine-Saint-Denis,2021,11124,314,1188196,193,0.02,Île-de-France,198,56.18181818181818
Seine-Saint-Denis,2022,14222,117,1082327,441,0.03,Île-de-France,639,22.2566510172144
Seine-Saint-Denis,2023,23199,127,1129266,303,0.01,Île-de-France,942,24.627388535031848
Seine-Saint-Denis,2024,37270,129,1296135,874,0.02,Île-de-France,1816,20.523127753303964
Seine-et-Marne,2020,7931,287,1321511,42,0.01,Île-de-France,42,188.83333333333334
Seine-et-Marne,2021,13940,293,1359189,127,0.01,Île-de-France,169,82.48520710059172
Seine-et-Marne,2022,20551,288,1356319,577,0.03,Île-de-France,746,27.548257372654156
Seine-et-Marne,2023,29851,292,1367348,1070,0.04,Île-de-France,1816,16.437775330396477
Seine-et-Marne,2024,39421,204,1421434,1374,0.03,Île-de-France,3190,12.3576802507837
Somme,2020,2251,11,564236,9,0.0,Hauts-de-France,9,250.11111111111111
Somme,2021,4338,10,564811,44,0.01,Hauts-de-France,53,81.84905660377359
Somme,2022,6806,10,574644,42,0.01,Hauts-de-France,95,71.6421052631579
Somme,2023,10941,13,595460,207,0.02,Hauts-de-France,302,36.228476821192054
Somme,2024,11117,14,576245,712,0.06,Hauts-de-France,1014,10.963510848126234
Tarn,2020,1718,15,343122,14,0.01,Occitanie,14,122.71428571428571
Tarn,2021,3565,16,397171,96,0.03,Occitanie,110,32.40909090909091
Tarn,2022,4452,15,343541,413,0.09,Occitanie,523,8.51242829827916
Tarn,2023,6407,17,353046,200,0.03,Occitanie,723,8.861687413554634
Tarn,2024,8227,19,353174,180,0.02,Occitanie,903,9.110741971207087
Tarn-et-Garonne,2020,1245,7,257333,4,0.0,Occitanie,4,311.25
Tarn-et-Garonne,2021,2249,8,269316,16,0.01,Occitanie,20,112.45
Tarn-et-Garonne,2022,3382,9,268660,72,0.02,Occitanie,92,36.76086956521739
Tarn-et-Garonne,2023,4846,8,273819,144,0.03,Occitanie,236,20.533898305084747
Tarn-et-Garonne,2024,6288,9,276792,339,0.05,Occitanie,575,10.935652173913043
Territoire de Belfort,2020,645,6,139546,5,0.01,Bourgogne-Franche-Comté,5,129.0
Territoire de Belfort,2021,1144,5,141009,2,0.0,Bourgogne-Franche-Comté,7,163.42857142857142
Territoire de Belfort,2022,1701,5,143914,5,0.0,Bourgogne-Franche-Comté,12,141.75
Territoire de Belfort,2023,2542,4,145521,74,0.03,Bourgogne-Franche-Comté,86,29.558139534883722
Territoire de Belfort,2024,3173,3,148835,200,0.06,Bourgogne-Franche-Comté,286,11.094405594405595
Val-d'Oise,2020,6134,26,1030021,18,0.0,Île-de-France,18,340.77777777777777
Val-d'Oise,2021,10607,44,1040367,98,0.01,Île-de-France,116,91.4396551724138
Val-d'Oise,2022,15158,51,1080051,258,0.02,Île-de-France,374,40.529411764705884
Val-d'Oise,2023,21951,57,1100583,545,0.02,Île-de-France,919,23.885745375408053
Val-d'Oise,2024,30680,63,1101897,733,0.02,Île-de-France,1652,18.571428571428573
Val-de-Marne,2020,6447,67,988269,102,0.02,Île-de-France,102,63.205882352941174
Val-de-Marne,2021,11552,72,1001063,239,0.02,Île-de-France,341,33.87683284457478
Val-de-Marne,2022,16601,71,1007589,348,0.02,Île-de-France,689,24.09433962264151
Val-de-Marne,2023,24425,69,1025073,467,0.02,Île-de-France,1156,21.128892733564015
Val-de-Marne,2024,31571,70,1044243,744,0.02,Île-de-France,1900,16.616315789473685
Var,2020,6865,10,1150467,359,0.05,Provence-Alpes-Côte d'Azur,359,19.12256267409471
Var,2021,12940,15,1177323,213,0.02,Provence-Alpes-Côte d'Azur,572,22.622377622377623
Var,2022,18606,19,1148010,265,0.01,Provence-Alpes-Côte d'Azur,837,22.229390681003583
Var,2023,27917,23,1208509,492,0.02,Provence-Alpes-Côte d'Azur,1329,21.006019563581642
Var,2024,34223,32,1185442,673,0.02,Provence-Alpes-Côte d'Azur,2002,17.094405594405593
Vaucluse,2020,3548,21,598859,63,0.02,Provence-Alpes-Côte d'Azur,63,56.317460317460316
Vaucluse,2021,6252,24,611174,78,0.01,Provence-Alpes-Côte d'Azur,141,44.340425531914896
Vaucluse,2022,9427,25,632019,267,0.03,Provence-Alpes-Côte d'Azur,408,23.105392156862745
Vaucluse,2023,13583,32,650683,236,0.02,Provence-Alpes-Côte d'Azur,644,21.091614906832298
Vaucluse,2024,16975,37,636581,698,0.04,Provence-Alpes-Côte d'Azur,1342,12.64903129657228
Vendée,2020,3925,23,663809,23,0.01,Pays de la Loire,23,170.65217391304347
Vendée,2021,6699,31,684653,266,0.04,Pays de la Loire,289,23.17993079584775
Vendée,2022,10094,50,699570,123,0.01,Pays de la Loire,412,24.5
Vendée,2023,14100,73,700467,260,0.02,Pays de la Loire,672,20.982142857142858
Vendée,2024,18093,86,714367,399,0.02,Pays de la Loire,1071,16.893557422969188
Vienne,2020,2485,21,408543,14,0.01,Nouvelle-Aquitaine,14,177.5
Vienne,2021,5172,20,407955,226,0.04,Nouvelle-Aquitaine,240,21.55
Vienne,2022,6923,20,433728,114,0.02,Nouvelle-Aquitaine,354,19.556497175141242
Vienne,2023,9248,20,420207,167,0.02,Nouvelle-Aquitaine,521,17.750479846449135
Vienne,2024,10600,22,424138,297,0.03,Nouvelle-Aquitaine,818,12.95843520782396
Vosges,2020,1487,5,377743,4,0.0,Grand Est,4,371.75
Vosges,2021,2700,7,380260,4,0.0,Grand Est,8,337.5
Vosges,2022,4146,11,392338,180,0.04,Grand Est,188,22.0531914893617
Vosges,2023,5863,14,394187,381,0.06,Grand Est,569,10.304042179261863
Vosges,2024,7715,16,401880,370,0.05,Grand Est,939,8.21618743343983
Yonne,2020,1222,8,326298,9,0.01,Bourgogne-Franche-Comté,9,135.77777777777777
Yonne,2021,2191,10,341255,45,0.02,Bourgogne-Franche-Comté,54,40.574074074074076
Yonne,2022,3166,17,340328,148,0.05,Bourgogne-Franche-Comté,202,15.673267326732674
Yonne,2023,4397,18,340531,92,0.02,Bourgogne-Franche-Comté,294,14.95578231292517
Yonne,2024,5844,19,348520,523,0.09,Bourgogne-Franche-Comté,817,7.152998776009792
Yvelines,2020,16293,77,1376870,96,0.01,Île-de-France,96,169.71875
Yvelines,2021,25399,77,1404500,296,0.01,Île-de-France,392,64.79336734693878
Yvelines,2022,36208,80,1407652,538,0.01,Île-de-France,930,38.93333333333333
Yvelines,2023,51856,86,1429123,794,0.02,Île-de-France,1724,30.078886310904874
Yvelines,2024,85133,93,1525178,1010,0.01,Île-de-France,2734,31.138624725676664
