departement,Annee,NB_VP_RECHARGEABLES_EL,NB_VP_RECHARGEABLES_GAZ,NB_VP,nb_borne,cumsum_borne,nb_el/borne,borne/nb_el
Ain,2020,4084,38,653058,133,156,26.18,0.04
Ain,2021,7348,41,670356,17,173,42.47,0.02
Ain,2022,11062,43,680873,169,342,32.35,0.03
Ain,2023,16016,46,690672,144,486,32.95,0.03
Ain,2024,20576,48,697701,419,905,22.74,0.04
Aisne,2020,2813,29,543832,10,18,156.28,0.01
Aisne,2021,4884,26,546042,17,35,139.54,0.01
Aisne,2022,7010,18,558799,209,244,28.73,0.03
Aisne,2023,10281,15,566368,173,417,24.65,0.04
Aisne,2024,15987,81,587339,483,900,17.76,0.06
Allier,2020,1225,9,309367,23,171,7.16,0.14
Allier,2021,2246,8,328458,87,258,8.71,0.11
Allier,2022,3168,8,318095,97,355,8.92,0.11
Allier,2023,4456,9,320770,109,464,9.6,0.1
Allier,2024,6003,11,344076,212,676,8.88,0.11
Alpes-Maritimes,2020,9328,90,1114606,140,427,21.85,0.05
Alpes-Maritimes,2021,16400,89,1127159,281,708,23.16,0.04
Alpes-Maritimes,2022,24344,90,1145935,480,1188,20.49,0.05
Alpes-Maritimes,2023,35811,86,1162859,692,1880,19.05,0.05
Alpes-Maritimes,2024,45141,89,1177756,1005,2885,15.65,0.06
Alpes-de-Haute-Provence,2020,1002,6,186164,134,147,6.82,0.15
Alpes-de-Haute-Provence,2021,1605,7,184465,16,163,9.85,0.1
Alpes-de-Haute-Provence,2022,2243,8,184245,56,219,10.24,0.1
Alpes-de-Haute-Provence,2023,3251,6,192842,118,337,9.65,0.1
Alpes-de-Haute-Provence,2024,4007,6,188932,88,425,9.43,0.11
Ardennes,2020,1093,20,284810,22,30,36.43,0.03
Ardennes,2021,1912,17,287591,50,80,23.9,0.04
Ardennes,2022,2888,16,291037,130,210,13.75,0.07
Ardennes,2023,4218,13,295812,10,220,19.17,0.05
Ardennes,2024,5356,15,299746,115,335,15.99,0.06
Ardèche,2020,1641,7,337017,229,229,7.17,0.14
Ardèche,2021,2732,6,345061,34,263,10.39,0.1
Ardèche,2022,4109,8,352140,25,288,14.27,0.07
Ardèche,2023,5801,10,361678,35,323,17.96,0.06
Ardèche,2024,7408,11,364155,147,470,15.76,0.06
Ariège,2020,656,26,156327,2,2,328.0,0.0
Ariège,2021,1088,25,155969,8,10,108.8,0.01
Ariège,2022,1537,24,158028,98,108,14.23,0.07
Ariège,2023,2148,26,163798,35,143,15.02,0.07
Ariège,2024,2647,27,164327,87,230,11.51,0.09
Aube,2020,1237,6,286263,7,33,37.48,0.03
Aube,2021,2236,4,291887,29,62,36.06,0.03
Aube,2022,3333,6,291813,53,115,28.98,0.03
Aube,2023,5003,5,296438,71,186,26.9,0.04
Aube,2024,6397,5,299362,616,802,7.98,0.13
Aude,2021,3098,3,396222,69,117,26.48,0.04
Aude,2022,4607,4,403587,283,400,11.52,0.09
Aude,2023,6627,4,414082,253,653,10.15,0.1
Aude,2024,8269,5,415505,350,1003,8.24,0.12
Aveyron,2020,1205,15,284071,14,24,50.21,0.02
Aveyron,2021,1964,13,291764,42,66,29.76,0.03
Aveyron,2022,2826,15,290206,200,266,10.62,0.09
Aveyron,2023,3950,15,293308,101,367,10.76,0.09
Aveyron,2024,5150,13,302006,117,484,10.64,0.09
Bas-Rhin,2020,8383,216,1101989,70,110,76.21,0.01
Bas-Rhin,2021,14629,223,1122511,192,302,48.44,0.02
Bas-Rhin,2022,20880,225,1127823,276,578,36.12,0.03
Bas-Rhin,2023,29564,224,1147770,302,880,33.6,0.03
Bas-Rhin,2024,37558,224,1156965,1141,2021,18.58,0.05
Bouches-du-Rhône,2020,15700,220,2113861,48,75,209.33,0.0
Bouches-du-Rhône,2021,29395,208,2149217,766,841,34.95,0.03
Bouches-du-Rhône,2022,41666,211,2128319,285,1126,37.0,0.03
Bouches-du-Rhône,2023,57188,227,2165910,1178,2304,24.82,0.04
Bouches-du-Rhône,2024,72920,241,2203907,1499,3803,19.17,0.05
Calvados,2020,3735,20,632623,13,45,83.0,0.01
Calvados,2021,6705,21,655910,61,106,63.25,0.02
Calvados,2022,10238,21,664592,126,232,44.13,0.02
Calvados,2023,14929,21,673318,366,598,24.96,0.04
Calvados,2024,19683,25,693083,1086,1684,11.69,0.09
Cantal,2021,853,0,139633,24,24,35.54,0.03
Cantal,2022,1290,0,145524,13,37,34.86,0.03
Cantal,2023,1807,1,134858,28,65,27.8,0.04
Cantal,2024,2485,1,145221,163,228,10.9,0.09
Charente,2020,1743,3,338455,40,40,43.58,0.02
Charente,2021,2924,6,333380,58,98,29.84,0.03
Charente,2022,4324,5,339555,40,138,31.33,0.03
Charente,2023,5879,3,340524,95,233,25.23,0.04
Charente,2024,7462,2,355886,412,645,11.57,0.09
Charente-Maritime,2020,4244,0,648710,10,18,235.78,0.0
Charente-Maritime,2021,6021,6,588018,66,84,71.68,0.01
Charente-Maritime,2022,10430,10,668375,165,249,41.89,0.02
Charente-Maritime,2023,14399,10,673914,147,396,36.36,0.03
Charente-Maritime,2024,14754,10,577784,874,1270,11.62,0.09
Cher,2020,1228,38,304224,23,106,11.58,0.09
Cher,2021,2055,35,306461,78,184,11.17,0.09
Cher,2022,2953,29,309249,38,222,13.3,0.08
Cher,2023,4195,29,317444,134,356,11.78,0.08
Cher,2024,5401,24,322361,239,595,9.08,0.11
Corrèze,2020,1048,8,248802,2,22,47.64,0.02
Corrèze,2021,1928,11,254036,9,31,62.19,0.02
Corrèze,2022,2845,11,257464,49,80,35.56,0.03
Corrèze,2023,3915,12,255892,169,249,15.72,0.06
Corrèze,2024,5008,11,260873,369,618,8.1,0.12
Corse-du-Sud,2020,964,1,192498,10,24,40.17,0.02
Corse-du-Sud,2021,1895,1,197971,50,74,25.61,0.04
Corse-du-Sud,2022,2939,1,202937,57,131,22.44,0.04
Corse-du-Sud,2023,4471,1,207097,42,173,25.84,0.04
Corse-du-Sud,2024,5444,1,208163,29,202,26.95,0.04
Creuse,2022,855,0,126168,18,21,40.71,0.02
Creuse,2023,1190,0,128612,10,31,38.39,0.03
Creuse,2024,1522,2,130410,139,170,8.95,0.11
Côte-d'Or,2020,2781,13,502990,113,184,15.11,0.07
Côte-d'Or,2021,4910,13,509657,125,309,15.89,0.06
Côte-d'Or,2022,7292,14,519622,333,642,11.36,0.09
Côte-d'Or,2023,10057,16,514140,363,1005,10.01,0.1
Côte-d'Or,2024,12906,17,521992,433,1438,8.97,0.11
Côtes-d'Armor,2020,2869,15,638895,2,24,119.54,0.01
Côtes-d'Armor,2021,4888,16,648356,27,51,95.84,0.01
Côtes-d'Armor,2022,7285,18,658051,43,94,77.5,0.01
Côtes-d'Armor,2023,10381,22,668264,563,657,15.8,0.06
Côtes-d'Armor,2024,13266,32,677233,420,1077,12.32,0.08
Deux-Sèvres,2020,1877,19,368176,14,156,12.03,0.08
Deux-Sèvres,2021,3020,15,365830,32,188,16.06,0.06
Deux-Sèvres,2022,4365,16,366920,97,285,15.32,0.07
Deux-Sèvres,2023,6183,16,373727,205,490,12.62,0.08
Deux-Sèvres,2024,7993,19,384639,237,727,10.99,0.09
Dordogne,2020,1908,9,435477,11,11,173.45,0.01
Dordogne,2021,3528,11,449273,52,63,56.0,0.02
Dordogne,2022,5291,11,459873,60,123,43.02,0.02
Dordogne,2023,7414,11,466288,90,213,34.81,0.03
Dordogne,2024,8988,10,461063,562,775,11.6,0.09
Doubs,2020,3431,21,566751,16,34,100.91,0.01
Doubs,2021,5579,21,575216,27,61,91.46,0.01
Doubs,2022,8015,23,583522,97,158,50.73,0.02
Doubs,2023,11542,28,596062,157,315,36.64,0.03
Doubs,2024,14555,31,601912,573,888,16.39,0.06
Drôme,2020,3498,29,542676,277,349,10.02,0.1
Drôme,2021,5093,37,490045,43,392,12.99,0.08
Drôme,2022,7616,39,500707,193,585,13.02,0.08
Drôme,2023,10908,42,507049,175,760,14.35,0.07
Drôme,2024,16068,54,580516,665,1425,11.28,0.09
Essonne,2020,7475,36,1063687,71,125,59.8,0.02
Essonne,2021,13429,39,1122387,134,259,51.85,0.02
Essonne,2022,18298,44,1096294,200,459,39.86,0.03
Essonne,2023,25675,45,1102505,534,993,25.86,0.04
Essonne,2024,33285,50,1149926,1207,2200,15.13,0.07
Eure,2021,5350,15,611740,11,265,20.19,0.05
Eure,2022,8486,18,639831,102,367,23.12,0.04
Eure,2023,11960,15,651033,215,582,20.55,0.05
Eure,2024,15498,16,672625,375,957,16.19,0.06
Eure-et-Loir,2020,2319,2,439083,6,127,18.26,0.05
Eure-et-Loir,2021,3895,2,444500,38,165,23.61,0.04
Eure-et-Loir,2022,5416,3,436119,94,259,20.91,0.05
Eure-et-Loir,2023,7890,3,457314,194,453,17.42,0.06
Eure-et-Loir,2024,10016,4,464314,262,715,14.01,0.07
Finistère,2020,4677,10,949220,3,7,668.14,0.0
Finistère,2021,8005,16,956964,52,59,135.68,0.01
Finistère,2022,11972,18,964707,118,177,67.64,0.01
Finistère,2023,17417,21,982891,643,820,21.24,0.05
Finistère,2024,22662,24,997882,609,1429,15.86,0.06
Gard,2020,4273,9,770805,33,50,85.46,0.01
Gard,2021,7794,10,767937,138,188,41.46,0.02
Gard,2022,11649,11,781568,462,650,17.92,0.06
Gard,2023,16944,14,786797,215,865,19.59,0.05
Gard,2024,21216,15,790199,534,1399,15.17,0.07
Gers,2021,1858,9,208196,15,15,123.87,0.01
Gers,2022,2463,7,198925,46,61,40.38,0.02
Gers,2023,3495,8,201728,32,93,37.58,0.03
Gers,2024,4826,7,217273,207,300,16.09,0.06
Gironde,2020,9735,66,1493730,172,223,43.65,0.02
Gironde,2021,18261,68,1569995,280,503,36.3,0.03
Gironde,2022,25358,59,1528013,478,981,25.85,0.04
Gironde,2023,35634,57,1545644,470,1451,24.56,0.04
Gironde,2024,48231,66,1640294,1983,3434,14.05,0.07
Haut-Rhin,2020,5618,80,801749,21,33,170.24,0.01
Haut-Rhin,2021,9790,84,809543,72,105,93.24,0.01
Haut-Rhin,2022,14133,86,800786,181,286,49.42,0.02
Haut-Rhin,2023,20330,90,829421,271,557,36.5,0.03
Haut-Rhin,2024,24966,92,829368,609,1166,21.41,0.05
Haute-Corse,2020,1480,1,212699,7,13,113.85,0.01
Haute-Corse,2021,3559,1,218915,36,49,72.63,0.01
Haute-Corse,2022,6002,1,222118,42,91,65.96,0.02
Haute-Corse,2023,11089,2,232214,34,125,88.71,0.01
Haute-Corse,2024,11960,2,235437,30,155,77.16,0.01
Haute-Garonne,2020,10409,99,1298263,146,381,27.32,0.04
Haute-Garonne,2021,17369,101,1319269,302,683,25.43,0.04
Haute-Garonne,2022,25537,103,1347924,823,1506,16.96,0.06
Haute-Garonne,2023,36326,108,1347734,968,2474,14.68,0.07
Haute-Garonne,2024,46733,110,1387953,1333,3807,12.28,0.08
Haute-Loire,2020,914,12,248447,62,62,14.74,0.07
Haute-Loire,2021,1644,11,252912,23,85,19.34,0.05
Haute-Loire,2022,2421,10,256289,37,122,19.84,0.05
Haute-Loire,2023,3415,14,260289,16,138,24.75,0.04
Haute-Loire,2024,4546,12,264010,78,216,21.05,0.05
Haute-Marne,2021,814,3,164693,9,104,7.83,0.13
Haute-Marne,2022,1223,4,165597,90,194,6.3,0.16
Haute-Marne,2023,2069,5,188420,89,283,7.31,0.14
Haute-Marne,2024,2158,6,167574,73,356,6.06,0.16
Haute-Savoie,2020,7201,68,852276,354,407,17.69,0.06
Haute-Savoie,2021,12032,80,890171,38,445,27.04,0.04
Haute-Savoie,2022,17552,84,903053,309,754,23.28,0.04
Haute-Savoie,2023,25182,90,949211,205,959,26.26,0.04
Haute-Savoie,2024,31138,93,945738,691,1650,18.87,0.05
Haute-Saône,2020,795,4,248191,4,4,198.75,0.01
Haute-Saône,2022,1999,4,247338,6,10,199.9,0.01
Haute-Saône,2023,2949,3,247638,36,46,64.11,0.02
Haute-Saône,2024,4015,2,269340,188,234,17.16,0.06
Haute-Vienne,2020,1671,14,378483,1,34,49.15,0.02
Haute-Vienne,2021,3062,14,386255,57,91,33.65,0.03
Haute-Vienne,2022,4545,10,384632,58,149,30.5,0.03
Haute-Vienne,2023,6556,12,389835,132,281,23.33,0.04
Haute-Vienne,2024,8460,12,395781,364,645,13.12,0.08
Hautes-Alpes,2020,769,2,146699,174,179,4.3,0.23
Hautes-Alpes,2021,1307,5,150562,15,194,6.74,0.15
Hautes-Alpes,2022,1843,5,152015,22,216,8.53,0.12
Hautes-Alpes,2023,2533,6,158242,66,282,8.98,0.11
Hautes-Alpes,2024,3188,6,159002,184,466,6.84,0.15
Hautes-Pyrénées,2020,1042,17,232963,1,1,1042.0,0.0
Hautes-Pyrénées,2021,1786,18,244293,20,21,85.05,0.01
Hautes-Pyrénées,2022,2509,19,241701,225,246,10.2,0.1
Hautes-Pyrénées,2023,3561,19,249526,78,324,10.99,0.09
Hautes-Pyrénées,2024,4297,19,239032,160,484,8.88,0.11
Hauts-de-Seine,2020,23435,134,1444363,351,445,52.66,0.02
Hauts-de-Seine,2021,35886,134,1469612,636,1081,33.2,0.03
Hauts-de-Seine,2022,49308,143,1484625,375,1456,33.87,0.03
Hauts-de-Seine,2023,73494,174,1532630,484,1940,37.88,0.03
Hauts-de-Seine,2024,102336,704,1624935,1000,2940,34.81,0.03
Hérault,2020,6751,54,1154199,22,46,146.76,0.01
Hérault,2021,12492,55,1177526,97,143,87.36,0.01
Hérault,2022,18968,56,1178412,414,557,34.05,0.03
Hérault,2023,28358,58,1211267,453,1010,28.08,0.04
Hérault,2024,36305,62,1228065,1058,2068,17.56,0.06
Ille-et-Vilaine,2020,5744,24,983078,68,293,19.6,0.05
Ille-et-Vilaine,2021,9781,37,999477,67,360,27.17,0.04
Ille-et-Vilaine,2022,14801,39,1001747,196,556,26.62,0.04
Ille-et-Vilaine,2023,20607,47,1012251,367,923,22.33,0.04
Ille-et-Vilaine,2024,27517,54,1046218,593,1516,18.15,0.06
Indre,2020,672,2,216932,5,13,51.69,0.02
Indre,2021,1089,2,219279,4,17,64.06,0.02
Indre,2022,1642,1,224913,33,50,32.84,0.03
Indre,2023,2208,1,227561,18,68,32.47,0.03
Indre,2024,2805,3,222134,194,262,10.71,0.09
Indre-et-Loire,2020,3872,13,560889,15,387,10.01,0.1
Indre-et-Loire,2021,6446,10,569258,64,451,14.29,0.07
Indre-et-Loire,2022,9029,13,563505,109,560,16.12,0.06
Indre-et-Loire,2023,13178,13,581573,309,869,15.16,0.07
Indre-et-Loire,2024,16726,15,588175,294,1163,14.38,0.07
Isère,2020,8111,126,1234395,314,337,24.07,0.04
Isère,2021,14019,155,1263577,166,503,27.87,0.04
Isère,2022,19873,162,1255946,338,841,23.63,0.04
Isère,2023,29220,179,1297580,432,1273,22.95,0.04
Isère,2024,37301,169,1308412,868,2141,17.42,0.06
Jura,2020,1197,5,259798,10,27,44.33,0.02
Jura,2021,2134,6,275694,18,45,47.42,0.02
Jura,2022,3127,9,275764,29,74,42.26,0.02
Jura,2023,4326,9,279534,76,150,28.84,0.03
Jura,2024,5424,7,277412,152,302,17.96,0.06
Landes,2020,1946,24,441349,167,167,11.65,0.09
Landes,2021,3783,28,461006,41,208,18.19,0.05
Landes,2022,5821,30,465992,109,317,18.36,0.05
Landes,2023,8023,24,461106,172,489,16.41,0.06
Landes,2024,10712,33,473772,651,1140,9.4,0.11
Loir-et-Cher,2020,1721,8,337717,30,213,8.08,0.12
Loir-et-Cher,2021,2715,9,345812,40,253,10.73,0.09
Loir-et-Cher,2022,3888,8,344257,284,537,7.24,0.14
Loir-et-Cher,2023,5481,7,346865,164,701,7.82,0.13
Loir-et-Cher,2024,7142,9,358535,445,1146,6.23,0.16
Loire,2020,3324,44,726220,257,317,10.49,0.1
Loire,2021,6270,48,746773,107,424,14.79,0.07
Loire,2022,9449,51,759042,191,615,15.36,0.07
Loire,2023,13692,50,761598,181,796,17.2,0.06
Loire,2024,17817,41,779223,524,1320,13.5,0.07
Loire-Atlantique,2020,7829,327,1275465,9,21,372.81,0.0
Loire-Atlantique,2021,13790,343,1358844,475,496,27.8,0.04
Loire-Atlantique,2022,19308,336,1300406,201,697,27.7,0.04
Loire-Atlantique,2023,27967,362,1323179,658,1355,20.64,0.05
Loire-Atlantique,2024,35983,362,1326840,1319,2674,13.46,0.07
Loiret,2020,3618,24,668162,31,43,84.14,0.01
Loiret,2021,6240,27,697849,73,116,53.79,0.02
Loiret,2022,8802,29,691956,255,371,23.73,0.04
Loiret,2023,12870,28,698114,218,589,21.85,0.05
Loiret,2024,15337,26,679165,433,1022,15.01,0.07
Lot,2021,1530,7,193799,133,137,11.17,0.09
Lot,2022,2210,7,198302,33,170,13.0,0.08
Lot,2023,2914,7,198404,30,200,14.57,0.07
Lot,2024,3577,7,199581,111,311,11.5,0.09
Lot-et-Garonne,2020,1834,14,352847,47,47,39.02,0.03
Lot-et-Garonne,2021,3187,17,355104,21,68,46.87,0.02
Lot-et-Garonne,2022,4614,15,361298,73,141,32.72,0.03
Lot-et-Garonne,2023,6326,19,362872,80,221,28.62,0.03
Lot-et-Garonne,2024,7599,22,358070,464,685,11.09,0.09
Lozère,2020,252,0,82277,14,34,7.41,0.13
Lozère,2021,401,0,81802,6,40,10.02,0.1
Lozère,2022,582,0,84800,71,111,5.24,0.19
Lozère,2023,781,1,86147,6,117,6.68,0.15
Lozère,2024,996,1,86279,28,145,6.87,0.15
Maine-et-Loire,2020,4245,49,733356,1,37,114.73,0.01
Maine-et-Loire,2021,7168,59,755428,416,453,15.82,0.06
Maine-et-Loire,2022,10527,73,765104,200,653,16.12,0.06
Maine-et-Loire,2023,14631,81,762632,248,901,16.24,0.06
Maine-et-Loire,2024,19634,89,781720,782,1683,11.67,0.09
Manche,2020,2865,23,486462,16,471,6.08,0.16
Manche,2021,4757,22,492148,130,601,7.92,0.13
Manche,2022,6995,26,496924,73,674,10.38,0.1
Manche,2023,10319,28,509006,134,808,12.77,0.08
Manche,2024,13024,27,514065,362,1170,11.13,0.09
Marne,2020,2947,8,551392,93,133,22.16,0.05
Marne,2021,5555,10,560936,59,192,28.93,0.03
Marne,2022,8368,11,566718,115,307,27.26,0.04
Marne,2023,12128,19,572827,245,552,21.97,0.05
Marne,2024,14948,29,577248,716,1268,11.79,0.08
Mayenne,2020,1472,6,292081,20,32,46.0,0.02
Mayenne,2021,2356,4,291587,25,57,41.33,0.02
Mayenne,2022,2833,8,260858,53,110,25.75,0.04
Mayenne,2023,5159,14,310065,59,169,30.53,0.03
Mayenne,2024,5058,10,257625,330,499,10.14,0.1
Meurthe-et-Moselle,2020,3422,27,698450,57,91,37.6,0.03
Meurthe-et-Moselle,2021,6168,32,699973,49,140,44.06,0.02
Meurthe-et-Moselle,2022,9231,37,702646,175,315,29.3,0.03
Meurthe-et-Moselle,2023,13672,39,719280,375,690,19.81,0.05
Meurthe-et-Moselle,2024,17792,52,721933,723,1413,12.59,0.08
Meuse,2020,700,7,200211,2,76,9.21,0.11
Meuse,2021,1030,5,186714,15,91,11.32,0.09
Meuse,2022,1772,6,206031,64,155,11.43,0.09
Meuse,2023,2281,7,194070,35,190,12.01,0.08
Meuse,2024,2966,6,195076,84,274,10.82,0.09
Morbihan,2020,3841,48,771656,13,448,8.57,0.12
Morbihan,2021,6638,62,791584,37,485,13.69,0.07
Morbihan,2022,9702,72,793489,154,639,15.18,0.07
Morbihan,2023,13781,79,810327,189,828,16.64,0.06
Morbihan,2024,17984,85,820586,935,1763,10.2,0.1
Moselle,2020,4872,61,1112180,73,85,57.32,0.02
Moselle,2021,9256,64,1130048,36,121,76.5,0.01
Moselle,2022,13971,66,1134582,307,428,32.64,0.03
Moselle,2023,20849,66,1154517,744,1172,17.79,0.06
Moselle,2024,27312,63,1176733,1396,2568,10.64,0.09
Nièvre,2022,1745,40,223087,30,30,58.17,0.02
Nièvre,2023,2399,36,228327,73,103,23.29,0.04
Nièvre,2024,3011,35,230094,271,374,8.05,0.12
Nord,2020,13314,218,2481726,379,609,21.86,0.05
Nord,2021,23787,227,2515683,514,1123,21.18,0.05
Nord,2022,35642,223,2555317,951,2074,17.19,0.06
Nord,2023,52283,224,2583964,1206,3280,15.94,0.06
Nord,2024,70272,230,2634578,1786,5066,13.87,0.07
Oise,2020,6220,40,1112294,18,34,182.94,0.01
Oise,2021,13558,41,1137194,74,108,125.54,0.01
Oise,2022,18645,39,1153743,126,234,79.68,0.01
Oise,2023,24936,44,1144590,207,441,56.54,0.02
Oise,2024,24076,46,1104696,975,1416,17.0,0.06
Orne,2020,1095,6,291849,3,203,5.39,0.19
Orne,2021,1748,10,283199,36,239,7.31,0.14
Orne,2022,2581,9,286807,39,278,9.28,0.11
Orne,2023,3788,9,304382,79,357,10.61,0.09
Orne,2024,4558,10,291617,162,519,8.78,0.11
Paris,2020,21284,165,1134114,256,256,83.14,0.01
Paris,2021,34605,163,1141260,2401,2657,13.02,0.08
Paris,2022,47874,172,1148236,1697,4354,11.0,0.09
Paris,2023,68039,267,1175290,1830,6184,11.0,0.09
Paris,2024,87957,259,1232080,435,6619,13.29,0.08
Pas-de-Calais,2020,5596,40,1355307,119,232,24.12,0.04
Pas-de-Calais,2021,10325,37,1387882,277,509,20.28,0.05
Pas-de-Calais,2022,16260,42,1391776,419,928,17.52,0.06
Pas-de-Calais,2023,24734,52,1420045,516,1444,17.13,0.06
Pas-de-Calais,2024,32778,52,1445862,1013,2457,13.34,0.07
Puy-de-Dôme,2020,3350,34,654720,27,46,72.83,0.01
Puy-de-Dôme,2021,5939,35,662495,25,71,83.65,0.01
Puy-de-Dôme,2022,8768,39,674847,281,352,24.91,0.04
Puy-de-Dôme,2023,12646,42,677283,304,656,19.28,0.05
Puy-de-Dôme,2024,16178,44,689245,590,1246,12.98,0.08
Pyrénées-Atlantiques,2020,3728,24,689678,114,130,28.68,0.03
Pyrénées-Atlantiques,2021,6734,22,698364,24,154,43.73,0.02
Pyrénées-Atlantiques,2022,9775,47,699595,118,272,35.94,0.03
Pyrénées-Atlantiques,2023,13741,52,710007,234,506,27.16,0.04
Pyrénées-Atlantiques,2024,17210,52,717529,718,1224,14.06,0.07
Pyrénées-Orientales,2020,2284,6,506610,28,84,27.19,0.04
Pyrénées-Orientales,2021,4459,9,499152,79,163,27.36,0.04
Pyrénées-Orientales,2022,6697,10,513097,183,346,19.36,0.05
Pyrénées-Orientales,2023,9905,10,530578,153,499,19.85,0.05
Pyrénées-Orientales,2024,13007,13,557691,432,931,13.97,0.07
Rhône,2020,13538,180,1561281,233,297,45.58,0.02
Rhône,2021,24812,187,1589132,436,733,33.85,0.03
Rhône,2022,35408,206,1639941,490,1223,28.95,0.03
Rhône,2023,49879,204,1631942,401,1624,30.71,0.03
Rhône,2024,62202,212,1641606,802,2426,25.64,0.04
Sarthe,2020,2268,14,530316,26,51,44.47,0.02
Sarthe,2021,4278,17,551896,72,123,34.78,0.03
Sarthe,2022,6074,17,538889,111,234,25.96,0.04
Sarthe,2023,8637,18,549235,185,419,20.61,0.05
Sarthe,2024,11217,19,559248,263,682,16.45,0.06
Savoie,2020,3094,43,452034,140,180,17.19,0.06
Savoie,2021,5336,38,457502,56,236,22.61,0.04
Savoie,2022,7678,40,466308,246,482,15.93,0.06
Savoie,2023,11077,44,479900,295,777,14.26,0.07
Savoie,2024,13646,43,479229,475,1252,10.9,0.09
Saône-et-Loire,2021,3924,22,525975,24,44,89.18,0.01
Saône-et-Loire,2022,5566,20,523380,162,206,27.02,0.04
Saône-et-Loire,2023,8099,21,538797,111,317,25.55,0.04
Saône-et-Loire,2024,10471,24,547431,525,842,12.44,0.08
Seine-Maritime,2020,7337,81,1264304,30,54,135.87,0.01
Seine-Maritime,2021,13411,86,1276452,126,180,74.51,0.01
Seine-Maritime,2022,21271,85,1284716,337,517,41.14,0.02
Seine-Maritime,2023,32724,99,1308516,619,1136,28.81,0.03
Seine-Maritime,2024,38562,95,1321909,848,1984,19.44,0.05
Seine-Saint-Denis,2020,6046,99,1031067,5,5,1209.2,0.0
Seine-Saint-Denis,2021,11124,314,1188196,193,198,56.18,0.02
Seine-Saint-Denis,2022,14222,117,1082327,441,639,22.26,0.04
Seine-Saint-Denis,2023,23199,127,1129266,303,942,24.63,0.04
Seine-Saint-Denis,2024,37270,129,1296135,874,1816,20.52,0.05
Seine-et-Marne,2020,7931,287,1321511,42,420,18.88,0.05
Seine-et-Marne,2021,13940,293,1359189,127,547,25.48,0.04
Seine-et-Marne,2022,20551,288,1356319,577,1124,18.28,0.05
Seine-et-Marne,2023,29851,292,1367348,1070,2194,13.61,0.07
Seine-et-Marne,2024,39421,204,1421434,1374,3568,11.05,0.09
Somme,2020,2251,11,564236,9,49,45.94,0.02
Somme,2021,4338,10,564811,44,93,46.65,0.02
Somme,2022,6806,10,574644,42,135,50.41,0.02
Somme,2023,10941,13,595460,207,342,31.99,0.03
Somme,2024,11117,14,576245,712,1054,10.55,0.09
Tarn,2020,1718,15,343122,14,363,4.73,0.21
Tarn,2021,3565,16,397171,96,459,7.77,0.13
Tarn,2022,4452,15,343541,413,872,5.11,0.2
Tarn,2023,6407,17,353046,200,1072,5.98,0.17
Tarn,2024,8227,19,353174,180,1252,6.57,0.15
Tarn-et-Garonne,2020,1245,7,257333,4,25,49.8,0.02
Tarn-et-Garonne,2021,2249,8,269316,16,41,54.85,0.02
Tarn-et-Garonne,2022,3382,9,268660,72,113,29.93,0.03
Tarn-et-Garonne,2023,4846,8,273819,144,257,18.86,0.05
Tarn-et-Garonne,2024,6288,9,276792,339,596,10.55,0.09
Territoire de Belfort,2020,645,6,139546,5,9,71.67,0.01
Territoire de Belfort,2021,1144,5,141009,2,11,104.0,0.01
Territoire de Belfort,2022,1701,5,143914,5,16,106.31,0.01
Territoire de Belfort,2023,2542,4,145521,74,90,28.24,0.04
Territoire de Belfort,2024,3173,3,148835,200,290,10.94,0.09
Val-d'Oise,2020,6134,26,1030021,18,18,340.78,0.0
Val-d'Oise,2021,10607,44,1040367,98,116,91.44,0.01
Val-d'Oise,2022,15158,51,1080051,258,374,40.53,0.02
Val-d'Oise,2023,21951,57,1100583,545,919,23.89,0.04
Val-d'Oise,2024,30680,63,1101897,733,1652,18.57,0.05
Val-de-Marne,2020,6447,67,988269,102,146,44.16,0.02
Val-de-Marne,2021,11552,72,1001063,239,385,30.01,0.03
Val-de-Marne,2022,16601,71,1007589,348,733,22.65,0.04
Val-de-Marne,2023,24425,69,1025073,467,1200,20.35,0.05
Val-de-Marne,2024,31571,70,1044243,744,1944,16.24,0.06
Var,2020,6865,10,1150467,359,443,15.5,0.06
Var,2021,12940,15,1177323,213,656,19.73,0.05
Var,2022,18606,19,1148010,265,921,20.2,0.05
Var,2023,27917,23,1208509,492,1413,19.76,0.05
Var,2024,34223,32,1185442,673,2086,16.41,0.06
Vaucluse,2020,3548,21,598859,63,117,30.32,0.03
Vaucluse,2021,6252,24,611174,78,195,32.06,0.03
Vaucluse,2022,9427,25,632019,267,462,20.4,0.05
Vaucluse,2023,13583,32,650683,236,698,19.46,0.05
Vaucluse,2024,16975,37,636581,698,1396,12.16,0.08
Vendée,2020,3925,23,663809,23,29,135.34,0.01
Vendée,2021,6699,31,684653,266,295,22.71,0.04
Vendée,2022,10094,50,699570,123,418,24.15,0.04
Vendée,2023,14100,73,700467,260,678,20.8,0.05
Vendée,2024,18093,86,714367,399,1077,16.8,0.06
Vienne,2020,2485,21,408543,14,460,5.4,0.19
Vienne,2021,5172,20,407955,226,686,7.54,0.13
Vienne,2022,6923,20,433728,114,800,8.65,0.12
Vienne,2023,9248,20,420207,167,967,9.56,0.1
Vienne,2024,10600,22,424138,297,1264,8.39,0.12
Vosges,2020,1487,5,377743,4,6,247.83,0.0
Vosges,2021,2700,7,380260,4,10,270.0,0.0
Vosges,2022,4146,11,392338,180,190,21.82,0.05
Vosges,2023,5863,14,394187,381,571,10.27,0.1
Vosges,2024,7715,16,401880,370,941,8.2,0.12
Yonne,2020,1222,8,326298,9,18,67.89,0.01
Yonne,2021,2191,10,341255,45,63,34.78,0.03
Yonne,2022,3166,17,340328,148,211,15.0,0.07
Yonne,2023,4397,18,340531,92,303,14.51,0.07
Yonne,2024,5844,19,348520,523,826,7.08,0.14
Yvelines,2020,16293,77,1376870,96,106,153.71,0.01
Yvelines,2021,25399,77,1404500,296,402,63.18,0.02
Yvelines,2022,36208,80,1407652,538,940,38.52,0.03
Yvelines,2023,51856,86,1429123,794,1734,29.91,0.03
Yvelines,2024,85133,93,1525178,1010,2744,31.03,0.03
