annee_mise_en_service,departement,nb_borne,TMJA,ratio_borne_TMJA,ratio_TMJA_borne
1930,Savoie,2,34718.017857142855,5.760697538176194e-05,17359.008928571428
2002,Ain,8,33590.30952380953,0.00023816392624573552,4198.788690476191
2010,Haut-Rhin,4,31982.533333333333,0.00012506826642875904,7995.633333333333
2012,Nord,8,21715.75,0.00036839621012398836,2714.46875
2013,Deux-Sèvres,2,17118.217391304348,0.00011683459523162458,8559.108695652174
2013,Var,20,44751.944444444445,0.00044690795558231485,2237.597222222222
2013,Vaucluse,2,23040.777777777777,8.680262529717843e-05,11520.388888888889
2014,Aude,14,48716.27272727273,0.00028737830741641304,3479.7337662337663
2014,Charente-Maritime,8,23352.846153846152,0.00034257066343420503,2919.105769230769
2014,Deux-Sèvres,6,17118.217391304348,0.00035050378569487375,2853.036231884058
2014,Gard,8,29390.14285714286,0.00027220010596361267,3673.7678571428573
2014,Haute-Garonne,9,53704.42857142857,0.00016758394492606357,5967.158730158731
2014,Haute-Savoie,8,33428.44,0.00023931718022139232,4178.555
2014,Indre-et-Loire,8,22362.53846153846,0.00035774113988710517,2795.3173076923076
2014,Isère,8,36819.48387096774,0.00021727626677320213,4602.435483870968
2014,Marne,4,19169.866666666665,0.00020866081489003576,4792.466666666666
2014,Meurthe-et-Moselle,8,49185.69230769231,0.00016264892542233983,6148.211538461539
2014,Morbihan,4,45163.125,8.856783050331437e-05,11290.78125
2014,Moselle,12,42402.01612903226,0.0002830054109569501,3533.5013440860216
2014,Oise,16,42310.0,0.0003781611912077523,2644.375
2014,Savoie,4,34718.017857142855,0.00011521395076352388,8679.504464285714
2014,Vaucluse,33,23040.777777777777,0.0014322433174034442,698.2053872053872
2015,Bouches-du-Rhône,4,67540.25974025975,5.922393569972695e-05,16885.064935064936
2015,Corrèze,20,23310.571428571428,0.0008579798252172527,1165.5285714285715
2015,Côte-d'Or,12,36131.07407407407,0.0003321240872994314,3010.9228395061727
2015,Deux-Sèvres,34,17118.217391304348,0.001986188118937618,503.4769820971867
2015,Drôme,18,19800.380116959062,0.0009090734568566674,1100.021117608837
2015,Gironde,10,56157.6129032258,0.00017807024698917679,5615.76129032258
2015,Haut-Rhin,8,31982.533333333333,0.00025013653285751807,3997.8166666666666
2015,Ille-et-Vilaine,8,52015.43333333333,0.00015380050664450234,6501.929166666666
2015,Loire-Atlantique,8,57221.28767123288,0.00013980810858302088,7152.66095890411
2015,Morbihan,4,45163.125,8.856783050331437e-05,11290.78125
2015,Nord,16,21715.75,0.0007367924202479767,1357.234375
2015,Pas-de-Calais,20,23824.03448275862,0.0008394883752570934,1191.201724137931
2015,Sarthe,8,20683.05,0.0003867901494218696,2585.38125
2015,Seine-et-Marne,92,43747.33707865168,0.0021029851447779938,475.51453346360523
2015,Val-de-Marne,6,113175.55555555556,5.301498164110821e-05,18862.592592592595
2015,Vienne,22,19337.70833333333,0.0011376735867960916,878.9867424242422
2016,Alpes-Maritimes,4,64113.230769230766,6.238961836750365e-05,16028.307692307691
2016,Bas-Rhin,8,60378.5504587156,0.00013249738424028702,7547.31880733945
2016,Calvados,12,35779.38888888889,0.00033538862380420756,2981.615740740741
2016,Cher,10,19941.125,0.0005014762206244633,1994.1125
2016,Deux-Sèvres,24,17118.217391304348,0.001402015142779495,713.2590579710145
2016,Eure,124,21956.378787878788,0.005647561521777684,177.06757086999022
2016,Haute-Garonne,6,53704.42857142857,0.00011172262995070904,8950.738095238095
2016,Haute-Savoie,2,33428.44,5.982929505534808e-05,16714.22
2016,Hérault,8,38399.03571428572,0.00020833856504953155,4799.879464285715
2016,Indre,8,22896.545454545456,0.0003493976860344156,2862.068181818182
2016,Isère,8,36819.48387096774,0.00021727626677320213,4602.435483870968
2016,Loiret,12,21702.82608695652,0.0005529233820480203,1808.56884057971
2016,Lozère,20,6040.257142857143,0.0033111173128863958,302.0128571428571
2016,Manche,115,21190.20588235294,0.005427035520016878,184.2626598465473
2016,Morbihan,289,45163.125,0.006399025753864464,156.27378892733563
2016,Puy-de-Dôme,19,36121.833333333336,0.0005259976653086083,1901.1491228070176
2016,Pyrénées-Atlantiques,8,14849.17543859649,0.0005387504533892248,1856.1469298245613
2016,Pyrénées-Orientales,2,7136.590361445783,0.00028024587354833483,3568.2951807228915
2016,Savoie,4,34718.017857142855,0.00011521395076352388,8679.504464285714
2016,Seine-Maritime,12,25435.714285714286,0.0004717775905644482,2119.6428571428573
2016,Seine-et-Marne,248,43747.33707865168,0.005668916477227635,176.40055273649872
2016,Tarn,4,18561.75,0.00021549692243457647,4640.4375
2016,Vienne,146,19337.70833333333,0.007550015621464972,132.45005707762553
2016,Yvelines,4,51830.625,7.717445043350335e-05,12957.65625
2017,Aisne,8,21064.58333333333,0.0003797843932350906,2633.072916666666
2017,Allier,146,11773.79411764706,0.01240042067502854,80.64242546333602
2017,Alpes-Maritimes,4,64113.230769230766,6.238961836750365e-05,16028.307692307691
2017,Alpes-de-Haute-Provence,13,6236.038461538462,0.0020846568025805336,479.6952662721894
2017,Aude,8,48716.27272727273,0.00016421617566652174,6089.534090909091
2017,Bas-Rhin,6,60378.5504587156,9.937303818021527e-05,10063.091743119267
2017,Bouches-du-Rhône,12,67540.25974025975,0.00017767180709918085,5628.354978354979
2017,Côtes-d'Armor,22,32745.272727272728,0.0006718527032354428,1488.4214876033059
2017,Deux-Sèvres,30,17118.217391304348,0.0017525189284743688,570.6072463768116
2017,Eure,116,21956.378787878788,0.005283202713921059,189.2791274817137
2017,Finistère,4,25727.13793103448,0.00015547784641737494,6431.78448275862
2017,Gironde,10,56157.6129032258,0.00017807024698917679,5615.76129032258
2017,Haute-Garonne,138,53704.42857142857,0.002569620488866308,389.1625258799172
2017,Haute-Marne,70,12322.184210526317,0.005680811031878746,176.0312030075188
2017,Hauts-de-Seine,52,73716.25,0.000705407559391586,1417.6201923076924
2017,Ille-et-Vilaine,161,52015.43333333333,0.003095235196220609,323.07722567287783
2017,Isère,6,36819.48387096774,0.0001629572000799016,6136.580645161291
2017,Lot,4,15592.857142857143,0.0002565277141548328,3898.214285714286
2017,Manche,220,21190.20588235294,0.010382154907858376,96.31911764705882
2017,Mayenne,8,11760.806451612903,0.0006802254618264602,1470.100806451613
2017,Morbihan,100,45163.125,0.0022141957625828592,451.63125
2017,Nord,79,21715.75,0.003637912574974385,274.88291139240505
2017,Orne,160,8071.846153846154,0.01982198334191015,50.449038461538464
2017,Pyrénées-Atlantiques,8,14849.17543859649,0.0005387504533892248,1856.1469298245613
2017,Pyrénées-Orientales,42,7136.590361445783,0.005885163344515032,169.9188181296615
2017,Rhône,38,42225.58260869565,0.0008999283764097676,1111.1995423340961
2017,Saône-et-Loire,10,20911.19607843137,0.00047821272214621874,2091.119607843137
2017,Seine-et-Marne,4,43747.33707865168,9.143413672947799e-05,10936.83426966292
2017,Somme,26,23103.166666666668,0.0011253868517302821,888.5833333333334
2017,Tarn,232,18561.75,0.012498821501205437,80.00754310344827
2017,Val-de-Marne,2,113175.55555555556,1.767166054703607e-05,56587.77777777778
2017,Var,8,44751.944444444445,0.00017876318223292593,5593.993055555556
2017,Vendée,4,19082.846153846152,0.00020961233810470138,4770.711538461538
2017,Vienne,206,19337.70833333333,0.010652761767272496,93.87237055016179
2018,Allier,2,11773.79411764706,0.00016986877637025397,5886.89705882353
2018,Alpes-Maritimes,187,64113.230769230766,0.0029167146586807956,342.8515014397367
2018,Aube,26,15852.636363636364,0.0016401057466782123,609.7167832167833
2018,Aude,6,48716.27272727273,0.0001231621317498913,8119.378787878788
2018,Aveyron,4,12808.326086956522,0.00031229685853122034,3202.0815217391305
2018,Bas-Rhin,24,60378.5504587156,0.00039749215272086107,2515.7729357798166
2018,Bouches-du-Rhône,7,67540.25974025975,0.00010364188747452217,9648.60853432282
2018,Calvados,20,35779.38888888889,0.0005589810396736792,1788.9694444444444
2018,Côte-d'Or,15,36131.07407407407,0.00041515510912428925,2408.7382716049383
2018,Deux-Sèvres,22,17118.217391304348,0.0012851805475478705,778.100790513834
2018,Doubs,14,19108.114285714284,0.0007326730304552741,1364.8653061224488
2018,Eure,10,21956.378787878788,0.00045544850982078103,2195.637878787879
2018,Eure-et-Loir,10,31604.106666666667,0.00031641457565852204,3160.4106666666667
2018,Gironde,4,56157.6129032258,7.122809879567072e-05,14039.40322580645
2018,Haute-Garonne,56,53704.42857142857,0.0010427445462066177,959.0076530612245
2018,Hautes-Alpes,5,10054.46,0.0004972917491342151,2010.8919999999998
2018,Hauts-de-Seine,20,73716.25,0.0002713105997659946,3685.8125
2018,Hérault,16,38399.03571428572,0.0004166771300990631,2399.9397321428573
2018,Ille-et-Vilaine,8,52015.43333333333,0.00015380050664450234,6501.929166666666
2018,Indre-et-Loire,11,22362.53846153846,0.0004918940673447696,2032.9580419580418
2018,Loire-Atlantique,4,57221.28767123288,6.990405429151044e-05,14305.32191780822
2018,Maine-et-Loire,6,35169.694444444445,0.00017060142531172276,5861.615740740741
2018,Manche,114,21190.20588235294,0.00537984390679934,185.87899896800826
2018,Marne,7,19169.866666666665,0.0003651564260575626,2738.5523809523806
2018,Meurthe-et-Moselle,8,49185.69230769231,0.00016264892542233983,6148.211538461539
2018,Morbihan,20,45163.125,0.00044283915251657185,2258.15625
2018,Nord,20,21715.75,0.0009209905253099709,1085.7875
2018,Orne,30,8071.846153846154,0.0037166218766081535,269.0615384615385
2018,Pas-de-Calais,5,23824.03448275862,0.00020987209381427335,4764.806896551724
2018,Pyrénées-Orientales,10,7136.590361445783,0.001401229367741674,713.6590361445783
2018,Seine-Maritime,12,25435.714285714286,0.0004717775905644482,2119.6428571428573
2018,Tarn,95,18561.75,0.005118051907821192,195.38684210526316
2018,Val-de-Marne,36,113175.55555555556,0.00031808988984664924,3143.765432098766
2018,Var,6,44751.944444444445,0.00013407238667469446,7458.657407407408
2018,Vaucluse,18,23040.777777777777,0.0007812236276746059,1280.0432098765432
2018,Vienne,28,19337.70833333333,0.001447948201376844,690.6324404761903
2019,Ain,15,33590.30952380953,0.0004465573617107541,2239.3539682539686
2019,Alpes-Maritimes,92,64113.230769230766,0.001434961222452584,696.8829431438127
2019,Ardennes,8,,,
2019,Aude,20,48716.27272727273,0.0004105404391663043,2435.8136363636363
2019,Aveyron,6,12808.326086956522,0.00046844528779683053,2134.7210144927535
2019,Bas-Rhin,2,60378.5504587156,3.3124346060071756e-05,30189.2752293578
2019,Bouches-du-Rhône,4,67540.25974025975,5.922393569972695e-05,16885.064935064936
2019,Cher,73,19941.125,0.0036607764105585816,273.166095890411
2019,Creuse,3,13575.636363636364,0.00022098411592960651,4525.212121212121
2019,Côte-d'Or,44,36131.07407407407,0.0012177883200979152,821.1607744107744
2019,Deux-Sèvres,24,17118.217391304348,0.001402015142779495,713.2590579710145
2019,Doubs,4,19108.114285714284,0.00020933515155864975,4777.028571428571
2019,Drôme,54,19800.380116959062,0.0027272203705700025,366.67370586961226
2019,Essonne,54,64850.619047619046,0.0008326828763245642,1200.937389770723
2019,Eure,4,21956.378787878788,0.0001821794039283124,5489.094696969697
2019,Eure-et-Loir,111,31604.106666666667,0.0035122017898095944,284.7216816816817
2019,Gard,9,29390.14285714286,0.00030622511920906425,3265.571428571429
2019,Gironde,27,56157.6129032258,0.0004807896668707773,2079.911589008363
2019,Haute-Garonne,26,53704.42857142857,0.0004841313964530725,2065.554945054945
2019,Haute-Marne,25,12322.184210526317,0.002028861082813838,492.88736842105266
2019,Haute-Savoie,43,33428.44,0.0012863298436899837,777.4055813953489
2019,Haute-Vienne,33,25147.625,0.0013122511569183969,762.0492424242424
2019,Hauts-de-Seine,22,73716.25,0.0002984416597425941,3350.7386363636365
2019,Ille-et-Vilaine,48,52015.43333333333,0.0009228030398670139,1083.654861111111
2019,Indre-et-Loire,353,22362.53846153846,0.015785327797518515,63.34996731314012
2019,Isère,1,36819.48387096774,2.7159533346650267e-05,36819.48387096774
2019,Jura,17,11986.0,0.001418321374937427,705.0588235294117
2019,Loir-et-Cher,183,16305.96,0.011222890280609054,89.10360655737705
2019,Loire,60,35487.530303030304,0.001690734730978914,591.4588383838384
2019,Maine-et-Loire,30,35169.694444444445,0.0008530071265586138,1172.3231481481482
2019,Manche,6,21190.20588235294,0.0002831496793052284,3531.700980392157
2019,Marne,29,19169.866666666665,0.0015127909079527594,661.0298850574712
2019,Mayenne,4,11760.806451612903,0.0003401127309132301,2940.201612903226
2019,Meurthe-et-Moselle,18,49185.69230769231,0.0003659600822002646,2732.538461538462
2019,Meuse,74,12053.111111111111,0.006139493722229392,162.8798798798799
2019,Morbihan,18,45163.125,0.0003985552372649147,2509.0625
2019,Nord,107,21715.75,0.004927299310408344,202.95093457943926
2019,Orne,10,8071.846153846154,0.0012388739588693844,807.1846153846154
2019,Pas-de-Calais,88,23824.03448275862,0.003693748851131211,270.7276645768025
2019,Pyrénées-Orientales,2,7136.590361445783,0.00028024587354833483,3568.2951807228915
2019,Rhône,26,42225.58260869565,0.0006157404680698411,1624.0608695652174
2019,Sarthe,17,20683.05,0.0008219290675214729,1216.6499999999999
2019,Savoie,30,34718.017857142855,0.0008641046307264292,1157.2672619047619
2019,Saône-et-Loire,10,20911.19607843137,0.00047821272214621874,2091.119607843137
2019,Seine-et-Marne,34,43747.33707865168,0.0007771901622005629,1286.6863846662259
2019,Somme,14,23103.166666666668,0.0006059775355470751,1650.2261904761906
2019,Tarn,18,18561.75,0.0009697361509555942,1031.2083333333333
2019,Tarn-et-Garonne,21,46349.69230769231,0.00045307744139036683,2207.1282051282055
2019,Territoire de Belfort,4,21268.11363636364,0.00018807497779967233,5317.02840909091
2019,Var,50,44751.944444444445,0.0011172698889557872,895.0388888888889
2019,Vaucluse,1,23040.777777777777,4.3401312648589215e-05,23040.777777777777
2019,Vendée,2,19082.846153846152,0.00010480616905235069,9541.423076923076
2019,Vienne,44,19337.70833333333,0.002275347173592183,439.4933712121211
2019,Vosges,2,12366.0,0.00016173378618793466,6183.0
2019,Yonne,9,14403.186046511628,0.0006248617473201181,1600.3540051679586
2019,Yvelines,6,51830.625,0.00011576167565025504,8638.4375
2020,Ain,133,33590.30952380953,0.003959475273835353,252.55871822413178
2020,Aisne,10,21064.58333333333,0.0004747304915438632,2106.458333333333
2020,Allier,23,11773.79411764706,0.0019534909282579206,511.9040920716113
2020,Alpes-Maritimes,140,64113.230769230766,0.002183636642862628,457.9516483516483
2020,Alpes-de-Haute-Provence,134,6236.038461538462,0.021488000888137807,46.537600459242256
2020,Ardennes,22,,,
2020,Ardèche,229,11141.07142857143,0.020554576053854783,48.65096693699314
2020,Ariège,2,12251.227272727272,0.00016324895093998006,6125.613636363636
2020,Aube,7,15852.636363636364,0.00044156693179798025,2264.662337662338
2020,Aveyron,14,12808.326086956522,0.0010930390048592713,914.8804347826087
2020,Bas-Rhin,70,60378.5504587156,0.0011593521121025115,862.5507208387943
2020,Bouches-du-Rhône,48,67540.25974025975,0.0007106872283967234,1407.0887445887447
2020,Calvados,13,35779.38888888889,0.0003633376757878915,2752.260683760684
2020,Charente,40,19481.74358974359,0.002053204314887837,487.04358974358973
2020,Charente-Maritime,10,23352.846153846152,0.0004282133292927563,2335.2846153846153
2020,Cher,23,19941.125,0.0011533953074362654,867.0054347826087
2020,Corrèze,2,23310.571428571428,8.579798252172528e-05,11655.285714285714
2020,Côte-d'Or,113,36131.07407407407,0.003127501822069646,319.74401835463783
2020,Côtes-d'Armor,2,32745.272727272728,6.107751847594933e-05,16372.636363636364
2020,Deux-Sèvres,14,17118.217391304348,0.0008178421666213721,1222.7298136645963
2020,Dordogne,11,12844.5,0.0008563976799408307,1167.6818181818182
2020,Doubs,16,19108.114285714284,0.000837340606234599,1194.2571428571428
2020,Drôme,277,19800.380116959062,0.013989630419405381,71.48151666772225
2020,Essonne,71,64850.619047619046,0.0010948237818341493,913.3890006706907
2020,Eure-et-Loir,6,31604.106666666667,0.0001898487453951132,5267.351111111111
2020,Finistère,3,25727.13793103448,0.0001166083848130312,8575.71264367816
2020,Gard,33,29390.14285714286,0.0011228254370999023,890.6103896103897
2020,Gironde,172,56157.6129032258,0.0030628082482138407,326.49774943735935
2020,Haut-Rhin,21,31982.533333333333,0.000656608398750985,1522.9777777777776
2020,Haute-Garonne,146,53704.42857142857,0.0027185839954672534,367.8385518590998
2020,Haute-Loire,62,10279.75,0.0060312750796468785,165.80241935483872
2020,Haute-Savoie,354,33428.44,0.01058978522479661,94.43062146892656
2020,Haute-Saône,4,11268.24,0.00035498001462517663,2817.06
2020,Haute-Vienne,1,25147.625,3.976518657328475e-05,25147.625
2020,Hautes-Alpes,174,10054.46,0.017305752869870687,57.78425287356321
2020,Hautes-Pyrénées,1,19493.0,5.130046683424819e-05,19493.0
2020,Hauts-de-Seine,351,73716.25,0.0047615010258932056,210.01780626780626
2020,Hérault,22,38399.03571428572,0.0005729310538862117,1745.4107142857144
2020,Ille-et-Vilaine,68,52015.43333333333,0.0013073043064782696,764.9328431372548
2020,Indre,5,22896.545454545456,0.00021837355377150977,4579.3090909090915
2020,Indre-et-Loire,15,22362.53846153846,0.0006707646372883222,1490.8358974358973
2020,Isère,314,36819.48387096774,0.008528093470848184,117.25950277378261
2020,Jura,10,11986.0,0.0008343066911396629,1198.6
2020,Landes,167,21435.91304347826,0.007790664184038976,128.3587607393908
2020,Loir-et-Cher,30,16305.96,0.0018398180787883695,543.5319999999999
2020,Loire,257,35487.530303030304,0.007241980431026349,138.0837754981724
2020,Loire-Atlantique,9,57221.28767123288,0.00015728412215589848,6357.920852359209
2020,Loiret,31,21702.82608695652,0.0014283854036240523,700.0911640953716
2020,Lot-et-Garonne,47,9466.125,0.004965072825469767,201.40691489361703
2020,Lozère,14,6040.257142857143,0.002317782119020477,431.4469387755102
2020,Maine-et-Loire,1,35169.694444444445,2.8433570885287127e-05,35169.694444444445
2020,Manche,16,21190.20588235294,0.0007550658114806091,1324.3878676470588
2020,Marne,93,19169.866666666665,0.004851363946193332,206.12759856630822
2020,Mayenne,20,11760.806451612903,0.0017005636545661506,588.0403225806451
2020,Meurthe-et-Moselle,57,49185.69230769231,0.0011588735936341713,862.9068825910932
2020,Meuse,2,12053.111111111111,0.00016593226276295653,6026.555555555556
2020,Morbihan,13,45163.125,0.0002878454491357717,3474.0865384615386
2020,Moselle,73,42402.01612903226,0.001721616249988113,580.8495360141405
2020,Nord,379,21715.75,0.01745277045462395,57.297493403693935
2020,Oise,18,42310.0,0.00042543134010872134,2350.5555555555557
2020,Orne,3,8071.846153846154,0.00037166218766081536,2690.6153846153848
2020,Paris,256,41672.0,0.006143213668650413,162.78125
2020,Pas-de-Calais,119,23824.03448275862,0.004994955832779705,200.20197044334975
2020,Puy-de-Dôme,27,36121.833333333336,0.0007474703664911803,1337.8456790123457
2020,Pyrénées-Atlantiques,114,14849.17543859649,0.007677193960796453,130.25592489996922
2020,Pyrénées-Orientales,28,7136.590361445783,0.0039234422296766875,254.87822719449224
2020,Rhône,233,42225.58260869565,0.005517981886933575,181.2256764321702
2020,Sarthe,26,20683.05,0.0012570679856210762,795.501923076923
2020,Savoie,140,34718.017857142855,0.004032488276723336,247.9858418367347
2020,Seine-Maritime,30,25435.714285714286,0.0011794439764111204,847.8571428571429
2020,Seine-Saint-Denis,5,136675.44,3.658301740239505e-05,27335.088
2020,Seine-et-Marne,42,43747.33707865168,0.0009600584356595188,1041.603263777421
2020,Somme,9,23103.166666666668,0.0003895569871374054,2567.0185185185187
2020,Tarn,14,18561.75,0.0007542392285210177,1325.8392857142858
2020,Tarn-et-Garonne,4,46349.69230769231,8.630046502673654e-05,11587.423076923078
2020,Territoire de Belfort,5,21268.11363636364,0.00023509372224959042,4253.622727272728
2020,Val-d'Oise,18,87498.74074074074,0.00020571724630111078,4861.041152263375
2020,Val-de-Marne,102,113175.55555555556,0.0009012546878988395,1109.5642701525055
2020,Var,359,44751.944444444445,0.008021997802702551,124.65722686474776
2020,Vaucluse,63,23040.777777777777,0.0027342826968611207,365.7266313932981
2020,Vendée,23,19082.846153846152,0.001205270944102033,829.6889632107022
2020,Vienne,14,19337.70833333333,0.000723974100688422,1381.2648809523805
2020,Vosges,4,12366.0,0.00032346757237586933,3091.5
2020,Yonne,9,14403.186046511628,0.0006248617473201181,1600.3540051679586
2020,Yvelines,96,51830.625,0.0018521868104040807,539.90234375
2021,Ain,17,33590.30952380953,0.000506098343272188,1975.9005602240898
2021,Aisne,17,21064.58333333333,0.0008070418356245675,1239.0931372549016
2021,Allier,87,11773.79411764706,0.007389291772106048,135.33096686950643
2021,Alpes-Maritimes,281,64113.230769230766,0.004382870690317131,228.16096359156856
2021,Alpes-de-Haute-Provence,16,6236.038461538462,0.0025657314493298874,389.75240384615387
2021,Ardennes,50,,,
2021,Ardèche,34,11141.07142857143,0.0030517711171662125,327.67857142857144
2021,Ariège,8,12251.227272727272,0.0006529958037599202,1531.403409090909
2021,Aube,29,15852.636363636364,0.0018293487174487753,546.6426332288402
2021,Aude,69,48716.27272727273,0.00141636451512375,706.0329380764164
2021,Aveyron,42,12808.326086956522,0.0032791170145778136,304.96014492753625
2021,Bas-Rhin,192,60378.5504587156,0.0031799372217668886,314.4716169724771
2021,Bouches-du-Rhône,766,67540.25974025975,0.011341383686497711,88.1726628462921
2021,Calvados,61,35779.38888888889,0.0017048921710047218,586.547358834244
2021,Cantal,24,8047.285714285715,0.0029823720509133513,335.30357142857144
2021,Charente,58,19481.74358974359,0.0029771462565873637,335.8921308576481
2021,Charente-Maritime,66,23352.846153846152,0.0028262079733321916,353.8310023310023
2021,Cher,78,19941.125,0.003911514520870813,255.65544871794873
2021,Corrèze,9,23310.571428571428,0.0003860909213477638,2590.063492063492
2021,Côte-d'Or,125,36131.07407407407,0.003459625909369077,289.04859259259257
2021,Côtes-d'Armor,27,32745.272727272728,0.0008245464994253161,1212.7878787878788
2021,Deux-Sèvres,32,17118.217391304348,0.0018693535237059933,534.9442934782609
2021,Dordogne,52,12844.5,0.004048425396083927,247.0096153846154
2021,Doubs,27,19108.114285714284,0.0014130122730208858,707.7079365079364
2021,Drôme,43,19800.380116959062,0.0021716754802687055,460.4739562083503
2021,Essonne,134,64850.619047619046,0.0020662871375461407,483.9598436389481
2021,Eure,11,21956.378787878788,0.0005009933608028591,1996.034435261708
2021,Eure-et-Loir,38,31604.106666666667,0.0012023753875023836,831.6870175438596
2021,Finistère,52,25727.13793103448,0.0020212120034258743,494.7526525198938
2021,Gard,138,29390.14285714286,0.004695451827872318,212.972049689441
2021,Gers,15,10344.17857142857,0.0014500909759457528,689.6119047619047
2021,Gironde,280,56157.6129032258,0.00498596691569695,200.56290322580645
2021,Haut-Rhin,72,31982.533333333333,0.0022512287957176624,444.20185185185187
2021,Haute-Garonne,302,53704.42857142857,0.005623372374185688,177.82923368022705
2021,Haute-Loire,23,10279.75,0.0022374084972883583,446.94565217391306
2021,Haute-Marne,9,12322.184210526317,0.0007303899898129817,1369.1315789473686
2021,Haute-Savoie,38,33428.44,0.0011367566060516135,879.6957894736843
2021,Haute-Vienne,57,25147.625,0.002266615634677231,441.18640350877195
2021,Hautes-Alpes,15,10054.46,0.0014918752474026454,670.2973333333333
2021,Hautes-Pyrénées,20,19493.0,0.0010260093366849638,974.65
2021,Hauts-de-Seine,636,73716.25,0.008627677072558628,115.90605345911949
2021,Hérault,97,38399.03571428572,0.00252610510122557,395.86634756995585
2021,Ille-et-Vilaine,67,52015.43333333333,0.001288079243147707,776.349751243781
2021,Indre,4,22896.545454545456,0.0001746988430172078,5724.136363636364
2021,Indre-et-Loire,64,22362.53846153846,0.0028619291190968414,349.41466346153845
2021,Isère,166,36819.48387096774,0.004508482535543944,221.80411970462495
2021,Jura,18,11986.0,0.0015017520440513933,665.8888888888889
2021,Landes,41,21435.91304347826,0.0019126780332071737,522.8271474019087
2021,Loir-et-Cher,40,16305.96,0.002453090771717826,407.649
2021,Loire,107,35487.530303030304,0.0030151436035790635,331.6591617105636
2021,Loire-Atlantique,475,57221.28767123288,0.008301106447116863,120.46586878154291
2021,Loiret,73,21702.82608695652,0.003363617240792123,297.29898749255506
2021,Lot,133,15592.857142857143,0.00852954649564819,117.23952738990333
2021,Lot-et-Garonne,21,9466.125,0.002218436794358832,450.76785714285717
2021,Lozère,6,6040.257142857143,0.0009933351938659187,1006.7095238095238
2021,Maine-et-Loire,416,35169.694444444445,0.011828365488279445,84.54253472222223
2021,Manche,130,21190.20588235294,0.006134909718279949,163.00158371040723
2021,Marne,59,19169.866666666665,0.0030777470196280275,324.9129943502825
2021,Mayenne,25,11760.806451612903,0.0021257045682076883,470.43225806451613
2021,Meurthe-et-Moselle,49,49185.69230769231,0.0009962246682118313,1003.7896389324961
2021,Meuse,15,12053.111111111111,0.001244491970722174,803.5407407407407
2021,Morbihan,37,45163.125,0.000819252432155658,1220.625
2021,Moselle,36,42402.01612903226,0.0008490162328708503,1177.8337813620071
2021,Nord,514,21715.75,0.02366945650046625,42.24854085603113
2021,Oise,74,42310.0,0.0017489955093358545,571.7567567567568
2021,Orne,36,8071.846153846154,0.0044599462519297845,224.21794871794873
2021,Paris,2401,41672.0,0.057616625071990786,17.3561016243232
2021,Pas-de-Calais,277,23824.03448275862,0.011626913997310744,86.0073447030997
2021,Puy-de-Dôme,25,36121.833333333336,0.0006921021911955373,1444.8733333333334
2021,Pyrénées-Atlantiques,24,14849.17543859649,0.0016162513601676743,618.7156432748537
2021,Pyrénées-Orientales,79,7136.590361445783,0.011069712005159226,90.3365868537441
2021,Rhône,436,42225.58260869565,0.010325494003017334,96.84766653370562
2021,Sarthe,72,20683.05,0.0034811113447968263,287.26458333333335
2021,Savoie,56,34718.017857142855,0.0016129953106893344,619.9646045918367
2021,Saône-et-Loire,24,20911.19607843137,0.001147710533150925,871.2998366013071
2021,Seine-Maritime,126,25435.714285714286,0.0049536647009267055,201.87074829931973
2021,Seine-Saint-Denis,193,136675.44,0.0014121044717324489,708.1629015544041
2021,Seine-et-Marne,127,43747.33707865168,0.0029030338411609262,344.46722109174556
2021,Somme,44,23103.166666666668,0.001904500826005093,525.0719696969697
2021,Tarn,96,18561.75,0.005171926138429836,193.3515625
2021,Tarn-et-Garonne,16,46349.69230769231,0.0003452018601069462,2896.8557692307695
2021,Territoire de Belfort,2,21268.11363636364,9.403748889983616e-05,10634.05681818182
2021,Val-d'Oise,98,87498.74074074074,0.001120016118750492,892.8442932728648
2021,Val-de-Marne,239,113175.55555555556,0.00211176343537081,473.53788935378896
2021,Var,213,44751.944444444445,0.004759569726951653,210.10302556077204
2021,Vaucluse,78,23040.777777777777,0.003385302386589959,295.3945868945869
2021,Vendée,266,19082.846153846152,0.013939220483962641,71.74002313475997
2021,Vienne,226,19337.70833333333,0.01168701048254167,85.56508112094393
2021,Vosges,4,12366.0,0.00032346757237586933,3091.5
2021,Yonne,45,14403.186046511628,0.0031243087366005905,320.07080103359175
2021,Yvelines,296,51830.625,0.005710909332079249,175.10346283783784
2022,Ain,169,33590.30952380953,0.005031212941941163,198.75922795153565
2022,Aisne,209,21064.58333333333,0.009921867273266742,100.78748006379583
2022,Allier,97,11773.79411764706,0.008238635653957318,121.37932080048515
2022,Alpes-Maritimes,480,64113.230769230766,0.007486754204100438,133.56923076923076
2022,Alpes-de-Haute-Provence,56,6236.038461538462,0.008980060072654606,111.35782967032968
2022,Ardennes,130,,,
2022,Ardèche,25,11141.07142857143,0.002243949350857509,445.64285714285717
2022,Ariège,98,12251.227272727272,0.007999198596059022,125.01252319109462
2022,Aube,53,15852.636363636364,0.003343292483613279,299.10634648370495
2022,Aude,283,48716.27272727273,0.005809147214203206,172.1423064567941
2022,Aveyron,200,12808.326086956522,0.015614842926561017,64.0416304347826
2022,Bas-Rhin,276,60378.5504587156,0.004571159756289902,218.76286398085364
2022,Bouches-du-Rhône,285,67540.25974025975,0.004219705418605545,236.98336750968332
2022,Calvados,126,35779.38888888889,0.0035215805499441795,283.9634038800706
2022,Cantal,13,8047.285714285715,0.0016154515275780654,619.021978021978
2022,Charente,40,19481.74358974359,0.002053204314887837,487.04358974358973
2022,Charente-Maritime,165,23352.846153846152,0.007065519933330479,141.53240093240092
2022,Cher,38,19941.125,0.0019056096383729603,524.766447368421
2022,Corrèze,49,23310.571428571428,0.0021020505717822694,475.72594752186586
2022,Creuse,18,13575.636363636364,0.001325904695577639,754.2020202020202
2022,Côte-d'Or,333,36131.07407407407,0.009216443422559221,108.50172394616838
2022,Côtes-d'Armor,43,32745.272727272728,0.0013131666472329107,761.5179704016914
2022,Deux-Sèvres,97,17118.217391304348,0.005666477868733792,176.47646795159122
2022,Dordogne,60,12844.5,0.004671260072404531,214.075
2022,Doubs,97,19108.114285714284,0.005076377425297257,196.99086892488953
2022,Drôme,193,19800.380116959062,0.009747287620740935,102.59264309305213
2022,Essonne,200,64850.619047619046,0.0030840106530539415,324.2530952380952
2022,Eure,102,21956.378787878788,0.004645574800171966,215.2586155674391
2022,Eure-et-Loir,94,31604.106666666667,0.002974297011190107,336.21390070921984
2022,Finistère,118,25727.13793103448,0.004586596469312561,218.0265926358854
2022,Gard,462,29390.14285714286,0.015719556119398632,63.61502782931355
2022,Gers,46,10344.17857142857,0.004446945659566976,224.87344720496893
2022,Gironde,478,56157.6129032258,0.00851175780608265,117.48454582264813
2022,Haut-Rhin,181,31982.533333333333,0.005659339055901346,176.69907918968693
2022,Haute-Garonne,823,53704.42857142857,0.015324620741572256,65.25446971011978
2022,Haute-Loire,37,10279.75,0.0035993093217247503,277.8310810810811
2022,Haute-Marne,90,12322.184210526317,0.007303899898129817,136.91315789473686
2022,Haute-Savoie,309,33428.44,0.009243626086051279,108.18265372168285
2022,Haute-Saône,6,11268.24,0.0005324700219377649,1878.04
2022,Haute-Vienne,58,25147.625,0.0023063808212505157,433.57974137931035
2022,Hautes-Alpes,22,10054.46,0.0021880836961905466,457.0209090909091
2022,Hautes-Pyrénées,225,19493.0,0.011542605037705843,86.63555555555556
2022,Hauts-de-Seine,375,73716.25,0.005087073745612399,196.57666666666665
2022,Hérault,414,38399.03571428572,0.010781520741313258,92.75129399585921
2022,Ille-et-Vilaine,196,52015.43333333333,0.003768112412790307,265.3848639455782
2022,Indre,33,22896.545454545456,0.0014412654548919645,693.8347107438017
2022,Indre-et-Loire,109,22362.53846153846,0.004874223030961808,205.1609033168666
2022,Isère,338,36819.48387096774,0.00917992227116779,108.93338423363237
2022,Jura,29,11986.0,0.0024194894043050225,413.3103448275862
2022,Landes,109,21435.91304347826,0.005084924527306876,196.6597526924611
2022,Loir-et-Cher,284,16305.96,0.017416944479196565,57.415352112676054
2022,Loire,191,35487.530303030304,0.005382172226949543,185.79858797398066
2022,Loire-Atlantique,201,57221.28767123288,0.0035126787281483996,284.6830232399646
2022,Loiret,255,21702.82608695652,0.01174962186852043,85.10912190963342
2022,Lot,33,15592.857142857143,0.0021163536417773705,472.5108225108225
2022,Lot-et-Garonne,73,9466.125,0.0077117088565807025,129.67294520547946
2022,Lozère,71,6040.257142857143,0.011754466460746705,85.07404426559356
2022,Maine-et-Loire,200,35169.694444444445,0.005686714177057426,175.84847222222223
2022,Manche,73,21190.20588235294,0.003444987764880279,290.2767929089444
2022,Marne,115,19169.866666666665,0.005998998428088528,166.69449275362317
2022,Mayenne,53,11760.806451612903,0.004506493684600299,221.90200852099818
2022,Meurthe-et-Moselle,175,49185.69230769231,0.0035579452436136833,281.06109890109894
2022,Meuse,64,12053.111111111111,0.005309832408414609,188.32986111111111
2022,Morbihan,154,45163.125,0.0034098614743776033,293.26704545454544
2022,Moselle,307,42402.01612903226,0.00724022176364864,138.11731638121256
2022,Nièvre,30,12205.166666666666,0.002457975447556363,406.83888888888885
2022,Nord,951,21715.75,0.04379309947848912,22.83464773922187
2022,Oise,126,42310.0,0.0029780193807610496,335.7936507936508
2022,Orne,39,8071.846153846154,0.004831608439590599,206.97041420118344
2022,Paris,1697,41672.0,0.04072278748320215,24.55627578078963
2022,Pas-de-Calais,419,23824.03448275862,0.017587281461636104,56.85927084190601
2022,Puy-de-Dôme,281,36121.833333333336,0.007779228629037839,128.54744958481615
2022,Pyrénées-Atlantiques,118,14849.17543859649,0.007946569187491065,125.84046981861432
2022,Pyrénées-Orientales,183,7136.590361445783,0.025642497429672638,38.9977615379551
2022,Rhône,490,42225.58260869565,0.011604339590547004,86.17465838509317
2022,Sarthe,111,20683.05,0.005366713323228441,186.3337837837838
2022,Savoie,246,34718.017857142855,0.007085657971956719,141.1301538908246
2022,Saône-et-Loire,162,20911.19607843137,0.007747046098768744,129.0814572742677
2022,Seine-Maritime,337,25435.714285714286,0.013249087335018252,75.47689699025011
2022,Seine-Saint-Denis,441,136675.44,0.003226622134891243,309.92163265306124
2022,Seine-et-Marne,577,43747.33707865168,0.013189374223227199,75.81860845520222
2022,Somme,42,23103.166666666668,0.001817932606641225,550.0753968253969
2022,Tarn,413,18561.75,0.02225005724137002,44.94370460048426
2022,Tarn-et-Garonne,72,46349.69230769231,0.0015534083704812577,643.7457264957266
2022,Territoire de Belfort,5,21268.11363636364,0.00023509372224959042,4253.622727272728
2022,Val-d'Oise,258,87498.74074074074,0.0029486138636492546,339.14240597186335
2022,Val-de-Marne,348,113175.55555555556,0.003074868935184276,325.21711366538955
2022,Var,265,44751.944444444445,0.005921530411465672,168.87526205450735
2022,Vaucluse,267,23040.777777777777,0.01158815047717332,86.29504785684561
2022,Vendée,123,19082.846153846152,0.006445579396719568,155.14509068167604
2022,Vienne,114,19337.70833333333,0.0058952176770342936,169.62902046783623
2022,Vosges,180,12366.0,0.01455604075691412,68.7
2022,Yonne,148,14403.186046511628,0.010275504289264164,97.31882463859208
2022,Yvelines,538,51830.625,0.010379963583306201,96.33945167286245
2023,Ain,144,33590.30952380953,0.00428695067242324,233.26603835978838
2023,Aisne,173,21064.58333333333,0.008212837503708834,121.76059730250479
2023,Allier,109,11773.79411764706,0.009257848312178841,108.01645979492716
2023,Alpes-Maritimes,692,64113.230769230766,0.010793403977578131,92.64917741218319
2023,Alpes-de-Haute-Provence,118,6236.038461538462,0.01892226943880792,52.847783572359845
2023,Ardennes,10,,,
2023,Ardèche,35,11141.07142857143,0.0031415290912005125,318.3163265306123
2023,Ariège,35,12251.227272727272,0.002856856641449651,350.0350649350649
2023,Aube,71,15852.636363636364,0.004478750308236657,223.27656850192062
2023,Aude,253,48716.27272727273,0.00519333655545375,192.55443765720446
2023,Aveyron,101,12808.326086956522,0.007885495677913313,126.81510977184675
2023,Bas-Rhin,302,60378.5504587156,0.005001776255070835,199.9289750288596
2023,Bouches-du-Rhône,1178,67540.25974025975,0.01744144906356959,57.33468568782661
2023,Calvados,366,35779.38888888889,0.01022935302602833,97.75789313904069
2023,Cantal,28,8047.285714285715,0.00347943405939891,287.4030612244898
2023,Charente,95,19481.74358974359,0.0048763602478586136,205.07098515519567
2023,Charente-Maritime,147,23352.846153846152,0.006294735940603518,158.86289900575613
2023,Cher,134,19941.125,0.006719781356367808,148.81436567164178
2023,Corrèze,169,23310.571428571428,0.007249929523085786,137.9323753169907
2023,Creuse,10,13575.636363636364,0.0007366137197653551,1357.5636363636363
2023,Côte-d'Or,363,36131.07407407407,0.0100467536408078,99.5346393225181
2023,Côtes-d'Armor,563,32745.272727272728,0.017193321450979737,58.16211852091071
2023,Deux-Sèvres,205,17118.217391304348,0.01197554601124152,83.50349946977731
2023,Dordogne,90,12844.5,0.007006890108606796,142.71666666666667
2023,Doubs,157,19108.114285714284,0.008216404698677002,121.70773430391263
2023,Drôme,175,19800.380116959062,0.008838214163884266,113.14502923976607
2023,Essonne,534,64850.619047619046,0.008234308443654024,121.44310683074728
2023,Eure,215,21956.378787878788,0.00979214296114679,102.12269203664553
2023,Eure-et-Loir,194,31604.106666666667,0.006138442767775327,162.90776632302405
2023,Finistère,643,25727.13793103448,0.02499306381159302,40.0111009813911
2023,Gard,215,29390.14285714286,0.00731537784777209,136.6983388704319
2023,Gers,32,10344.17857142857,0.0030935274153509394,323.25558035714283
2023,Gironde,470,56157.6129032258,0.008369301608491309,119.48428277282086
2023,Haut-Rhin,271,31982.533333333333,0.008473375050548425,118.01672816728167
2023,Haute-Garonne,968,53704.42857142857,0.01802458429871439,55.47978158205431
2023,Haute-Loire,16,10279.75,0.0015564580850701622,642.484375
2023,Haute-Marne,89,12322.184210526317,0.007222745454817263,138.45150798344176
2023,Haute-Savoie,205,33428.44,0.006132502743173178,163.06556097560977
2023,Haute-Saône,36,11268.24,0.0031948201316265895,313.00666666666666
2023,Haute-Vienne,132,25147.625,0.005249004627673587,190.5123106060606
2023,Hautes-Alpes,66,10054.46,0.00656425108857164,152.340303030303
2023,Hautes-Pyrénées,78,19493.0,0.004001436413071359,249.9102564102564
2023,Hauts-de-Seine,484,73716.25,0.0065657165143370695,152.30630165289256
2023,Hérault,453,38399.03571428572,0.011797171245929723,84.76608325449386
2023,Ille-et-Vilaine,367,52015.43333333333,0.007055598242316544,141.73142597638508
2023,Indre,18,22896.545454545456,0.0007861447935774352,1272.030303030303
2023,Indre-et-Loire,309,22362.53846153846,0.013817751528139436,72.37067463281055
2023,Isère,432,36819.48387096774,0.011732918405752914,85.23028673835125
2023,Jura,76,11986.0,0.006340730852661438,157.71052631578948
2023,Landes,172,21435.91304347826,0.008023917602722778,124.62740141557128
2023,Loir-et-Cher,164,16305.96,0.010057672164043087,99.42658536585365
2023,Loire,181,35487.530303030304,0.005100383105119724,196.06370333165913
2023,Loire-Atlantique,658,57221.28767123288,0.011499216930953467,86.96244326935089
2023,Loiret,218,21702.82608695652,0.010044774773872368,99.55424810530513
2023,Lot,30,15592.857142857143,0.0019239578561612459,519.7619047619048
2023,Lot-et-Garonne,80,9466.125,0.008451187788033646,118.3265625
2023,Lozère,6,6040.257142857143,0.0009933351938659187,1006.7095238095238
2023,Maine-et-Loire,248,35169.694444444445,0.007051525579551208,141.81328405017922
2023,Manche,134,21190.20588235294,0.006323676171150101,158.13586479367865
2023,Marne,245,19169.866666666665,0.012780474912014691,78.2443537414966
2023,Mayenne,59,11760.806451612903,0.005016662780970144,199.33570256971024
2023,Meurthe-et-Moselle,375,49185.69230769231,0.007624168379172179,131.16184615384617
2023,Meuse,35,12053.111111111111,0.0029038145983517395,344.3746031746032
2023,Morbihan,189,45163.125,0.004184829991281604,238.95833333333334
2023,Moselle,744,42402.01612903226,0.017546335479330905,56.991957162677764
2023,Nièvre,73,12205.166666666666,0.005981073589053816,167.19406392694063
2023,Nord,1206,21715.75,0.05553572867619124,18.006426202321723
2023,Oise,207,42310.0,0.0048924604112502955,204.39613526570048
2023,Orne,79,8071.846153846154,0.009787104275068138,102.17526777020448
2023,Paris,1830,41672.0,0.04391437895949318,22.771584699453552
2023,Pas-de-Calais,516,23824.03448275862,0.02165880008163301,46.1706094627105
2023,Puy-de-Dôme,304,36121.833333333336,0.008415962644937732,118.8218201754386
2023,Pyrénées-Atlantiques,234,14849.17543859649,0.015758450761634825,63.4580146948568
2023,Pyrénées-Orientales,153,7136.590361445783,0.021438809326447615,46.64438144735806
2023,Rhône,401,42225.58260869565,0.009496612603692549,105.30070475983953
2023,Sarthe,185,20683.05,0.008944522205380735,111.80027027027026
2023,Savoie,295,34718.017857142855,0.008497028868809887,117.68819612590798
2023,Saône-et-Loire,111,20911.19607843137,0.005308161215823028,188.38915385974207
2023,Seine-Maritime,619,25435.714285714286,0.024335860713282784,41.09162243249481
2023,Seine-Saint-Denis,303,136675.44,0.00221693085458514,451.0740594059406
2023,Seine-et-Marne,1070,43747.33707865168,0.02445863157513536,40.88536175574924
2023,Somme,207,23103.166666666668,0.008959810704160324,111.60950080515299
2023,Tarn,200,18561.75,0.010774846121728824,92.80875
2023,Tarn-et-Garonne,144,46349.69230769231,0.0031068167409625154,321.8728632478633
2023,Territoire de Belfort,74,21268.11363636364,0.003479387089293938,287.4069410319411
2023,Val-d'Oise,545,87498.74074074074,0.00622866106856141,160.54814814814816
2023,Val-de-Marne,467,113175.55555555556,0.004126332737732922,242.34594337378064
2023,Var,492,44751.944444444445,0.010993935707324945,90.9592366757001
2023,Vaucluse,236,23040.777777777777,0.010242709785067056,97.6304143126177
2023,Vendée,260,19082.846153846152,0.01362480197680559,73.39556213017751
2023,Vienne,167,19337.70833333333,0.008635976772497606,115.79466067864269
2023,Vosges,381,12366.0,0.030810286268801553,32.45669291338583
2023,Yonne,92,14403.186046511628,0.006387475639272318,156.55637007077857
2023,Yvelines,794,51830.625,0.015319128411050417,65.27786523929471
2024,Ain,419,33590.30952380953,0.012473835637120399,80.16780315944995
2024,Aisne,483,21064.58333333333,0.022929482741568592,43.61197377501724
2024,Allier,212,11773.79411764706,0.01800609029524692,55.536764705882355
2024,Alpes-Maritimes,1005,64113.230769230766,0.01567539161483529,63.794259471871406
2024,Alpes-de-Haute-Provence,88,6236.038461538462,0.014111522971314381,70.86407342657343
2024,Ardennes,115,,,
2024,Ardèche,147,11141.07142857143,0.013194422183042153,75.78960155490768
2024,Ariège,87,12251.227272727272,0.007101329365889132,140.81870428422152
2024,Aube,616,15852.636363636364,0.03885788999822226,25.734799291617474
2024,Aude,350,48716.27272727273,0.007184457685410326,139.18935064935064
2024,Aveyron,117,12808.326086956522,0.009134683112038196,109.47287253808993
2024,Bas-Rhin,1141,60378.5504587156,0.01889743942727094,52.91722213734935
2024,Bouches-du-Rhône,1499,67540.25974025975,0.022194169903472675,45.05687774533672
2024,Calvados,1086,35779.38888888889,0.030352670454280785,32.946030284428076
2024,Cantal,163,8047.285714285715,0.02025527684578651,49.36985100788782
2024,Charente,412,19481.74358974359,0.021148004443344724,47.28578541199901
2024,Charente-Maritime,874,23352.846153846152,0.037425844980186904,26.719503608519624
2024,Cher,239,19941.125,0.011985281672924671,83.43566945606695
2024,Corrèze,369,23310.571428571428,0.015829727775258314,63.17228029423151
2024,Creuse,139,13575.636363636364,0.010238930704738435,97.66644865925441
2024,Côte-d'Or,433,36131.07407407407,0.011984144150054483,83.44358908562141
2024,Côtes-d'Armor,420,32745.272727272728,0.012826278879949362,77.96493506493506
2024,Deux-Sèvres,237,17118.217391304348,0.013844899534947512,72.22876536415336
2024,Dordogne,562,12844.5,0.04375413601152244,22.854982206405694
2024,Doubs,573,19108.114285714284,0.029987260460776575,33.34749439042633
2024,Drôme,665,19800.380116959062,0.03358521382276022,29.77500769467528
2024,Essonne,1207,64850.619047619046,0.01861200429118054,53.72876474533475
2024,Eure,375,21956.378787878788,0.017079319118279288,58.55034343434343
2024,Eure-et-Loir,262,31604.106666666667,0.008290061882253277,120.62636132315522
2024,Finistère,609,25727.13793103448,0.023671502117045336,42.24488987033576
2024,Gard,534,29390.14285714286,0.018169357073071147,55.03772070626003
2024,Gers,207,10344.17857142857,0.02001125546805139,49.97187715665976
2024,Gironde,1983,56157.6129032258,0.035311329977953755,28.319522391944428
2024,Haut-Rhin,609,31982.533333333333,0.019041643563778562,52.51647509578544
2024,Haute-Garonne,1333,53704.42857142857,0.024821044287382524,40.288393526953165
2024,Haute-Loire,78,10279.75,0.0075877331647170405,131.79166666666666
2024,Haute-Marne,73,12322.184210526317,0.005924274361816407,168.79704397981257
2024,Haute-Savoie,691,33428.44,0.02067102144162276,48.37690303907381
2024,Haute-Saône,188,11268.24,0.0166840606873833,59.937446808510636
2024,Haute-Vienne,364,25147.625,0.01447452791267565,69.08688186813187
2024,Hautes-Alpes,184,10054.46,0.018300336368139117,54.643804347826084
2024,Hautes-Pyrénées,160,19493.0,0.00820807469347971,121.83125
2024,Hauts-de-Seine,1000,73716.25,0.01356552998829973,73.71625
2024,Hérault,1058,38399.03571428572,0.027552775227800547,36.293984607075345
2024,Ille-et-Vilaine,593,52015.43333333333,0.011400462555023735,87.71573917931421
2024,Indre,194,22896.545454545456,0.008472893886334579,118.02343017806936
2024,Indre-et-Loire,294,22362.53846153846,0.013146986890851114,76.06305599162742
2024,Isère,868,36819.48387096774,0.02357447494489243,42.41876022000892
2024,Jura,152,11986.0,0.012681461705322876,78.85526315789474
2024,Landes,651,21435.91304347826,0.030369595112630977,32.92766980565017
2024,Loir-et-Cher,445,16305.96,0.027290634835360813,36.64260674157303
2024,Loire,524,35487.530303030304,0.014765749983882515,67.72429447143188
2024,Loire-Atlantique,1319,57221.28767123288,0.023050861902625567,43.38232575529407
2024,Loiret,433,21702.82608695652,0.01995131870223273,50.12200020082337
2024,Lot,111,15592.857142857143,0.00711864406779661,140.47619047619048
2024,Lot-et-Garonne,464,9466.125,0.04901688917059515,20.401131465517242
2024,Lozère,28,6040.257142857143,0.004635564238040954,215.7234693877551
2024,Maine-et-Loire,782,35169.694444444445,0.02223505243229453,44.97403381642512
2024,Manche,362,21190.20588235294,0.017083363984748783,58.53648033799155
2024,Marne,716,19169.866666666665,0.037350285865316406,26.773556797020483
2024,Mayenne,330,11760.806451612903,0.028059300300341483,35.63880742913001
2024,Meurthe-et-Moselle,723,49185.69230769231,0.01469939663504396,68.03000319182892
2024,Meuse,84,12053.111111111111,0.006969155036044175,143.489417989418
2024,Morbihan,935,45163.125,0.020702730380149734,48.30280748663102
2024,Moselle,1396,42402.01612903226,0.03292296280799186,30.3739370551807
2024,Nièvre,271,12205.166666666666,0.022203711542925813,45.03751537515375
2024,Nord,1786,21715.75,0.0822444539101804,12.15887458006719
2024,Oise,975,42310.0,0.023044197589222406,43.3948717948718
2024,Orne,162,8071.846153846154,0.02006975813368403,49.826210826210826
2024,Paris,435,41672.0,0.010438663851027069,95.7977011494253
2024,Pas-de-Calais,1013,23824.03448275862,0.04252008620677178,23.518296626612656
2024,Puy-de-Dôme,590,36121.833333333336,0.01633361171221468,61.22344632768362
2024,Pyrénées-Atlantiques,718,14849.17543859649,0.04835285319168292,20.681302839270877
2024,Pyrénées-Orientales,432,7136.590361445783,0.06053310868644032,16.519885095939312
2024,Rhône,802,42225.58260869565,0.018993225207385098,52.65035237991977
2024,Sarthe,263,20683.05,0.012715726162243963,78.64277566539924
2024,Savoie,475,34718.017857142855,0.013681656653168462,73.09056390977443
2024,Saône-et-Loire,525,20911.19607843137,0.025106167912676485,39.83084967320261
2024,Seine-Maritime,848,25435.714285714286,0.033338949733221004,29.994946091644206
2024,Seine-Saint-Denis,874,136675.44,0.006394711441938654,156.3792219679634
2024,Seine-et-Marne,1374,43747.33707865168,0.03140762596657569,31.839401076165707
2024,Somme,712,23103.166666666668,0.03081828609353696,32.44826779026217
2024,Tarn,180,18561.75,0.009697361509555942,103.12083333333334
2024,Tarn-et-Garonne,339,46349.69230769231,0.007313964411015922,136.72475606988883
2024,Territoire de Belfort,200,21268.11363636364,0.009403748889983616,106.3405681818182
2024,Val-d'Oise,733,87498.74074074074,0.008377263418817456,119.37072406649487
2024,Val-de-Marne,744,113175.55555555556,0.006573857723497418,152.11768219832737
2024,Var,673,44751.944444444445,0.015038452705344894,66.49620274063068
2024,Vaucluse,698,23040.777777777777,0.030294116228715272,33.00971028334925
2024,Vendée,399,19082.846153846152,0.02090883072594396,47.826682089839984
2024,Vienne,297,19337.70833333333,0.015358593421747238,65.11012906846238
2024,Vosges,370,12366.0,0.029920750444767913,33.42162162162162
2024,Yonne,523,14403.186046511628,0.03631141042760242,27.53955267019432
2024,Yvelines,1010,51830.625,0.019486548734459597,51.317450495049506
2025,Ain,85,33590.30952380953,0.00253049171636094,395.180112044818
2025,Aisne,35,21064.58333333333,0.0016615567204035214,601.845238095238
2025,Allier,176,11773.79411764706,0.01494845232058235,66.89655748663102
2025,Alpes-Maritimes,251,64113.230769230766,0.003914948552560854,255.43119828378792
2025,Alpes-de-Haute-Provence,175,6236.038461538462,0.028062687727045645,35.6345054945055
2025,Ardennes,26,,,
2025,Ardèche,276,11141.07142857143,0.0247732008334669,40.36620082815735
2025,Aube,36,15852.636363636364,0.0022709156492467554,440.3510101010101
2025,Aude,53,48716.27272727273,0.0010879321637907065,919.1749571183534
2025,Aveyron,17,12808.326086956522,0.0013272616487576864,753.4309462915601
2025,Bas-Rhin,133,60378.5504587156,0.0022027690129947717,453.9740635993654
2025,Bouches-du-Rhône,147,67540.25974025975,0.0021764796369649654,459.4575492534677
2025,Calvados,121,35779.38888888889,0.0033818352900257596,295.69742883379246
2025,Cantal,16,8047.285714285715,0.001988248033942234,502.95535714285717
2025,Charente,17,19481.74358974359,0.0008726118338273308,1145.9849170437406
2025,Charente-Maritime,15,23352.846153846152,0.0006423199939391345,1556.85641025641
2025,Cher,22,19941.125,0.0011032476853738192,906.4147727272727
2025,Corrèze,13,23310.571428571428,0.0005576868863912143,1793.120879120879
2025,Côte-d'Or,110,36131.07407407407,0.003044470800244788,328.46430976430975
2025,Côtes-d'Armor,98,32745.272727272728,0.0029927984053215177,334.13543599257883
2025,Deux-Sèvres,16,17118.217391304348,0.0009346767618529967,1069.8885869565217
2025,Dordogne,7,12844.5,0.0005449803417805286,1834.9285714285713
2025,Doubs,112,19108.114285714284,0.005861384243642193,170.6081632653061
2025,Drôme,341,19800.380116959062,0.0172218915993402,58.06563084152218
2025,Essonne,77,64850.619047619046,0.0011873441014257674,842.2158317872603
2025,Eure,162,21956.378787878788,0.0073782658590966525,135.53320239431352
2025,Eure-et-Loir,75,31604.106666666667,0.002373109317438915,421.3880888888889
2025,Finistère,104,25727.13793103448,0.0040424240068517485,247.3763262599469
2025,Gard,24,29390.14285714286,0.000816600317890838,1224.5892857142858
2025,Gers,4,10344.17857142857,0.0003866909269188674,2586.0446428571427
2025,Gironde,1021,56157.6129032258,0.01818097221759495,55.002559160847994
2025,Haut-Rhin,31,31982.533333333333,0.0009692790648228825,1031.694623655914
2025,Haute-Garonne,254,53704.42857142857,0.004729591334580016,211.4347581552306
2025,Haute-Loire,127,10279.75,0.012354386050244413,80.94291338582677
2025,Haute-Marne,101,12322.184210526317,0.008196598774567906,122.00182386659719
2025,Haute-Savoie,556,33428.44,0.016632544025386765,60.12309352517986
2025,Haute-Saône,17,11268.24,0.0015086650621570006,662.8376470588236
2025,Haute-Vienne,18,25147.625,0.0007157733583191255,1397.0902777777778
2025,Hautes-Alpes,256,10054.46,0.025461337555671815,39.275234375
2025,Hautes-Pyrénées,4,19493.0,0.00020520186733699277,4873.25
2025,Hauts-de-Seine,351,73716.25,0.0047615010258932056,210.01780626780626
2025,Hérault,173,38399.03571428572,0.00450532146919612,221.95974401321223
2025,Ille-et-Vilaine,42,52015.43333333333,0.0008074526598836372,1238.4626984126983
2025,Indre,36,22896.545454545456,0.0015722895871548704,636.0151515151515
2025,Indre-et-Loire,151,22362.53846153846,0.00675236401536911,148.09628120224147
2025,Isère,453,36819.48387096774,0.01230326860603257,81.2792138431959
2025,Jura,10,11986.0,0.0008343066911396629,1198.6
2025,Landes,107,21435.91304347826,0.0049916231598333555,200.33563592035756
2025,Loir-et-Cher,36,16305.96,0.0022077816945460433,452.9433333333333
2025,Loire,298,35487.530303030304,0.008397315830528607,119.08567215781981
2025,Loire-Atlantique,141,57221.28767123288,0.002464117913775743,405.82473525697077
2025,Loiret,30,21702.82608695652,0.0013823084551200506,723.427536231884
2025,Lot,4,15592.857142857143,0.0002565277141548328,3898.214285714286
2025,Lot-et-Garonne,18,9466.125,0.0019015172523075704,525.8958333333334
2025,Maine-et-Loire,93,35169.694444444445,0.0026443220923317028,378.1687574671446
2025,Manche,12,21190.20588235294,0.0005662993586104568,1765.8504901960785
2025,Marne,74,19169.866666666665,0.0038602250754656616,259.05225225225223
2025,Mayenne,11,11760.806451612903,0.0009353100100113827,1069.1642228739004
2025,Meurthe-et-Moselle,179,49185.69230769231,0.0036392697063248533,274.78040395358835
2025,Meuse,14,12053.111111111111,0.0011615258393406957,860.936507936508
2025,Morbihan,89,45163.125,0.001970634228698745,507.4508426966292
2025,Moselle,286,42402.01612903226,0.0067449622944739775,148.25879765395894
2025,Nièvre,2,12205.166666666666,0.00016386502983709085,6102.583333333333
2025,Nord,238,21715.75,0.010959787251188654,91.24264705882354
2025,Oise,46,42310.0,0.0010872134247222878,919.7826086956521
2025,Orne,4,8071.846153846154,0.0004955495835477538,2017.9615384615386
2025,Paris,134,41672.0,0.0032155884046842003,310.9850746268657
2025,Pas-de-Calais,69,23824.03448275862,0.0028962348946369723,345.2758620689655
2025,Puy-de-Dôme,336,36121.833333333336,0.00930185344966802,107.50545634920636
2025,Pyrénées-Atlantiques,118,14849.17543859649,0.007946569187491065,125.84046981861432
2025,Pyrénées-Orientales,11,7136.590361445783,0.0015413523045158415,648.7809419496166
2025,Rhône,89,42225.58260869565,0.002107726986854456,474.4447484123107
2025,Sarthe,54,20683.05,0.00261083350859762,383.01944444444445
2025,Savoie,222,34718.017857142855,0.006394374267375576,156.3874678249678
2025,Saône-et-Loire,75,20911.19607843137,0.0035865954160966404,278.8159477124183
2025,Seine-Maritime,103,25435.714285714286,0.004049424319011514,246.9486823855756
2025,Seine-Saint-Denis,212,136675.44,0.00155111993786155,644.6954716981132
2025,Seine-et-Marne,116,43747.33707865168,0.0026515899651548616,377.13221619527314
2025,Somme,62,23103.166666666668,0.002683614800279904,372.6317204301075
2025,Tarn,31,18561.75,0.0016701011488679677,598.766129032258
2025,Tarn-et-Garonne,22,46349.69230769231,0.000474652557647051,2106.804195804196
2025,Territoire de Belfort,4,21268.11363636364,0.00018807497779967233,5317.02840909091
2025,Val-d'Oise,137,87498.74074074074,0.0015657368190695653,638.6769397134361
2025,Val-de-Marne,309,113175.55555555556,0.0027302715545170727,366.2639338367494
2025,Var,572,44751.944444444445,0.012781567529654205,78.23766511266511
2025,Vaucluse,48,23040.777777777777,0.0020832630071322823,480.0162037037037
2025,Vendée,110,19082.846153846152,0.0057643392978792875,173.48041958041958
2025,Vienne,23,19337.70833333333,0.0011893860225595503,840.7699275362316
2025,Vosges,19,12366.0,0.0015364709687853792,650.8421052631579
2025,Yonne,97,14403.186046511628,0.006734621054450162,148.48645408774874
2025,Yvelines,124,51830.625,0.002392407963438604,417.98891129032256
